url,geometry
https://patch.com/feeds/aol/alabama/across-al,POINT (-86.80249999999999 33.5207)
https://patch.com/feeds/aol/alabama/birmingham-al,POINT (-86.80249999999999 33.5207)
https://patch.com/feeds/aol/alabama/hoover,POINT (-86.81140000000001 33.4054)
https://patch.com/feeds/aol/alabama/huntsville,POINT (-86.5861 34.7304)
https://patch.com/feeds/aol/alabama/mobile,POINT (-88.0399 30.6954)
https://patch.com/feeds/aol/alabama/mountain-brook,POINT (-86.7522 33.5009)
https://patch.com/feeds/aol/alabama/pelham-al,POINT (-86.81 33.2857)
https://patch.com/feeds/aol/alabama/trussville,POINT (-86.60890000000001 33.6198)
https://patch.com/feeds/aol/alabama/vestavia-hills,POINT (-86.7878 33.4487)
https://patch.com/feeds/aol/alaska/across-ak,POINT (-134.4197 58.3019)
https://patch.com/feeds/aol/alaska/anchorage,POINT (-149.9003 61.2181)
https://patch.com/feeds/aol/arizona/across-az,POINT (-112.074 33.4484)
https://patch.com/feeds/aol/arizona/phoenix,POINT (-112.074 33.4484)
https://patch.com/feeds/aol/arizona/tucson,POINT (-110.9265 32.2217)
https://patch.com/feeds/aol/arkansas/across-ar,POINT (-92.28959999999999 34.7465)
https://patch.com/feeds/aol/arkansas/fort-smith,POINT (-94.3985 35.3859)
https://patch.com/feeds/aol/arkansas/little-rock,POINT (-92.28959999999999 34.7465)
https://patch.com/feeds/aol/california/across-ca,POINT (-118.2437 34.0522)
https://patch.com/feeds/aol/california/agourahills,POINT (-118.7606 34.1505)
https://patch.com/feeds/aol/california/alameda,POINT (-122.267 37.7657)
https://patch.com/feeds/aol/california/albany,POINT (-122.2979 37.8902)
https://patch.com/feeds/aol/california/alisoviejo,POINT (-117.7194 33.5772)
https://patch.com/feeds/aol/california/altadena,POINT (-118.1357 34.1935)
https://patch.com/feeds/aol/california/arcadia,POINT (-118.0366 34.1376)
https://patch.com/feeds/aol/california/baldwinpark,POINT (-117.9718 34.0836)
https://patch.com/feeds/aol/california/banning-beaumont,POINT (-116.9367 33.9426)
https://patch.com/feeds/aol/california/belmont-ca,POINT (-122.2959 37.5155)
https://patch.com/feeds/aol/california/belmontshore,POINT (-118.1263 33.7554)
https://patch.com/feeds/aol/california/benicia,POINT (-122.1544 38.0702)
https://patch.com/feeds/aol/california/berkeley,POINT (-122.2742 37.8725)
https://patch.com/feeds/aol/california/beverlyhills,POINT (-118.4037 34.0781)
https://patch.com/feeds/aol/california/brentwood,POINT (-118.4871 34.0848)
https://patch.com/feeds/aol/california/burlingame-hillsborough,POINT (-122.3632 37.5695)
https://patch.com/feeds/aol/california/calabasas,POINT (-118.6668 34.1358)
https://patch.com/feeds/aol/california/campbell,POINT (-121.9545 37.2806)
https://patch.com/feeds/aol/california/capitola,POINT (-121.9513 36.9825)
https://patch.com/feeds/aol/california/carlsbad,POINT (-117.2837 33.1248)
https://patch.com/feeds/aol/california/castrovalley,POINT (-122.0833 37.7027)
https://patch.com/feeds/aol/california/cerritos,POINT (-118.0705 33.8678)
https://patch.com/feeds/aol/california/chico,POINT (-121.8375 39.7285)
https://patch.com/feeds/aol/california/citrusheights,POINT (-121.2887 38.6953)
https://patch.com/feeds/aol/california/claremont-laverne,POINT (-117.7364 34.1272)
https://patch.com/feeds/aol/california/concord-ca,POINT (-121.9932 37.9684)
https://patch.com/feeds/aol/california/coronado,POINT (-117.1642 32.6668)
https://patch.com/feeds/aol/california/culvercity,POINT (-118.3971 34.0058)
https://patch.com/feeds/aol/california/cupertino,POINT (-122.0464 37.3167)
https://patch.com/feeds/aol/california/danville,POINT (-121.9812 37.8349)
https://patch.com/feeds/aol/california/davis,POINT (-121.7356 38.5565)
https://patch.com/feeds/aol/california/delmar-carmelvalley,POINT (-117.2182 32.9542)
https://patch.com/feeds/aol/california/diamondbar-walnut,POINT (-117.8157 33.9996)
https://patch.com/feeds/aol/california/dixon,POINT (-121.8282 38.4535)
https://patch.com/feeds/aol/california/dublin,POINT (-121.9082 37.7141)
https://patch.com/feeds/aol/california/eaglerock,POINT (-118.2074 34.1369)
https://patch.com/feeds/aol/california/east-palo-alto,POINT (-122.1411 37.4688)
https://patch.com/feeds/aol/california/echopark,POINT (-118.2675 34.0982)
https://patch.com/feeds/aol/california/elcerrito,POINT (-122.2962 37.9169)
https://patch.com/feeds/aol/california/elkgrove,POINT (-121.3838 38.4162)
https://patch.com/feeds/aol/california/encinitas,POINT (-117.2612 33.0494)
https://patch.com/feeds/aol/california/encino,POINT (-118.519 34.1583)
https://patch.com/feeds/aol/california/escondido,POINT (-117.0864 33.1192)
https://patch.com/feeds/aol/california/fairoaks-carmichael,POINT (-121.2861 38.6401)
https://patch.com/feeds/aol/california/fostercity,POINT (-122.266 37.5553)
https://patch.com/feeds/aol/california/fountainvalley,POINT (-117.9515 33.7103)
https://patch.com/feeds/aol/california/fremont,POINT (-121.953 37.5291)
https://patch.com/feeds/aol/california/fresno,POINT (-119.7726 36.7468)
https://patch.com/feeds/aol/california/gilroy,POINT (-121.584 37.0042)
https://patch.com/feeds/aol/california/glendora,POINT (-117.8472 34.1445)
https://patch.com/feeds/aol/california/halfmoonbay,POINT (-122.4535 37.4811)
https://patch.com/feeds/aol/california/healdsburg,POINT (-122.8715 38.6291)
https://patch.com/feeds/aol/california/hermosabeach,POINT (-118.3963 33.8655)
https://patch.com/feeds/aol/california/highlandpark-ca,POINT (-118.195 34.1108)
https://patch.com/feeds/aol/california/hollywood,POINT (-118.3338 34.1164)
https://patch.com/feeds/aol/california/imperialbeach,POINT (-117.1187 32.5689)
https://patch.com/feeds/aol/california/lacanadaflintridge,POINT (-118.2002 34.2097)
https://patch.com/feeds/aol/california/lajolla,POINT (-117.2558 32.837)
https://patch.com/feeds/aol/california/lamesa,POINT (-116.9912 32.7564)
https://patch.com/feeds/aol/california/lagunabeach,POINT (-117.761 33.5453)
https://patch.com/feeds/aol/california/lagunaniguel-danapoint,POINT (-117.7023 33.509)
https://patch.com/feeds/aol/california/lakeelsinore-wildomar,POINT (-117.3068 33.661)
https://patch.com/feeds/aol/california/lakeforest-ca,POINT (-117.6799 33.6525)
https://patch.com/feeds/aol/california/lamorinda,POINT (-122.1379 37.8744)
https://patch.com/feeds/aol/california/larkspurcortemadera,POINT (-122.5223 37.9321)
https://patch.com/feeds/aol/california/lemongrove,POINT (-117.0344 32.7331)
https://patch.com/feeds/aol/california/livermore,POINT (-121.7656 37.6872)
https://patch.com/feeds/aol/california/longbeach-ca,POINT (-118.1688 33.7958)
https://patch.com/feeds/aol/california/losalamitos,POINT (-118.0698 33.7676)
https://patch.com/feeds/aol/california/losaltos,POINT (-122.1198 37.3653)
https://patch.com/feeds/aol/california/los-angeles,POINT (-118.25 34.05)
https://patch.com/feeds/aol/california/losgatos,POINT (-121.955 37.1881)
https://patch.com/feeds/aol/california/malibu,POINT (-118.785 34.037)
https://patch.com/feeds/aol/california/manhattanbeach,POINT (-118.3972 33.8893)
https://patch.com/feeds/aol/california/marinadelrey,POINT (-118.4282 33.9728)
https://patch.com/feeds/aol/california/martinez,POINT (-122.1043 38.0022)
https://patch.com/feeds/aol/california/menlopark-atherton,POINT (-122.1652 37.4668)
https://patch.com/feeds/aol/california/millvalley,POINT (-122.5415 37.908)
https://patch.com/feeds/aol/california/millbrae,POINT (-122.4024 37.5996)
https://patch.com/feeds/aol/california/milpitas,POINT (-121.8922 37.4338)
https://patch.com/feeds/aol/california/missionviejo,POINT (-117.6533 33.6124)
https://patch.com/feeds/aol/california/monrovia,POINT (-117.9918 34.1647)
https://patch.com/feeds/aol/california/montrose,POINT (-118.2434 34.2329)
https://patch.com/feeds/aol/california/moorpark,POINT (-118.8627 34.2971)
https://patch.com/feeds/aol/california/mountainview,POINT (-122.0796 37.4004)
https://patch.com/feeds/aol/california/murrieta,POINT (-117.1982 33.572)
https://patch.com/feeds/aol/california/napavalley,POINT (-122.3322 38.5188)
https://patch.com/feeds/aol/california/newark,POINT (-122.0316 37.5206)
https://patch.com/feeds/aol/california/newportbeach,POINT (-117.8886 33.6221)
https://patch.com/feeds/aol/california/northhollywood,POINT (-118.3894 34.1875)
https://patch.com/feeds/aol/california/northridge,POINT (-118.5675 34.259)
https://patch.com/feeds/aol/california/novato,POINT (-122.557 38.0921)
https://patch.com/feeds/aol/california/oceanside-camppendleton,POINT (-117.3199 33.2546)
https://patch.com/feeds/aol/california/orange-county,POINT (-117.8311 33.7175)
https://patch.com/feeds/aol/california/pacificpalisades,POINT (-118.5401 34.0768)
https://patch.com/feeds/aol/california/pacifica,POINT (-122.4777 37.6113)
https://patch.com/feeds/aol/california/palmdesert,POINT (-116.3665 33.7396)
https://patch.com/feeds/aol/california/paloalto,POINT (-122.1429 37.3958)
https://patch.com/feeds/aol/california/palosverdes,POINT (-118.3642 33.7676)
https://patch.com/feeds/aol/california/pasadena-ca,POINT (-118.1355 34.1585)
https://patch.com/feeds/aol/california/petaluma,POINT (-122.6267 38.2426)
https://patch.com/feeds/aol/california/piedmont,POINT (-122.2321 37.8226)
https://patch.com/feeds/aol/california/pinole-hercules,POINT (-122.268 38.0009)
https://patch.com/feeds/aol/california/pleasanthill,POINT (-122.0754 37.9539)
https://patch.com/feeds/aol/california/pleasanton,POINT (-121.8809 37.6674)
https://patch.com/feeds/aol/california/poway,POINT (-117.0205 32.9872)
https://patch.com/feeds/aol/california/ramona,POINT (-116.8271 33.051)
https://patch.com/feeds/aol/california/ranchobernardo-4sranch,POINT (-117.0944 33.0164)
https://patch.com/feeds/aol/california/ranchosantamargarita,POINT (-117.598 33.6315)
https://patch.com/feeds/aol/california/redlands,POINT (-117.172 34.0537)
https://patch.com/feeds/aol/california/redondobeach,POINT (-118.3765 33.8573)
https://patch.com/feeds/aol/california/redwoodcity-woodside,POINT (-122.2317 37.4803)
https://patch.com/feeds/aol/california/rockridge,POINT (-122.2424 37.8426)
https://patch.com/feeds/aol/california/rohnertpark-cotati,POINT (-122.7008 38.3435)
https://patch.com/feeds/aol/california/rosemont,POINT (-121.3552 38.5478)
https://patch.com/feeds/aol/california/roseville-ca,POINT (-121.2906 38.7611)
https://patch.com/feeds/aol/california/sacramento,POINT (-121.4944 38.5816)
https://patch.com/feeds/aol/california/sananselmofairfax,POINT (-122.5839 37.986)
https://patch.com/feeds/aol/california/sanbruno,POINT (-122.4315 37.6254)
https://patch.com/feeds/aol/california/sancarlos,POINT (-122.2676 37.4986)
https://patch.com/feeds/aol/california/sanclemente,POINT (-117.5947 33.4433)
https://patch.com/feeds/aol/california/san-diego,POINT (-117.1625 32.715)
https://patch.com/feeds/aol/california/san-francisco,POINT (-122.4167 37.7833)
https://patch.com/feeds/aol/california/sanjuancapistrano,POINT (-117.6543 33.5012)
https://patch.com/feeds/aol/california/sanleandro,POINT (-122.1621 37.706)
https://patch.com/feeds/aol/california/sanmarino,POINT (-118.1133 34.1223)
https://patch.com/feeds/aol/california/sanmateo,POINT (-122.3131 37.5522)
https://patch.com/feeds/aol/california/sanrafael,POINT (-122.5223 37.99)
https://patch.com/feeds/aol/california/sanramon,POINT (-121.9503 37.7589)
https://patch.com/feeds/aol/california/santacruz,POINT (-122.0339 36.9785)
https://patch.com/feeds/aol/california/santamonica,POINT (-118.4812 34.0234)
https://patch.com/feeds/aol/california/santee,POINT (-116.9855 32.8548)
https://patch.com/feeds/aol/california/saratoga,POINT (-122.0302 37.2652)
https://patch.com/feeds/aol/california/scottsvalley,POINT (-122.0117 37.0555)
https://patch.com/feeds/aol/california/shermanoaks,POINT (-118.4438 34.1593)
https://patch.com/feeds/aol/california/sierramadre,POINT (-118.0506 34.1687)
https://patch.com/feeds/aol/california/sonomavalley,POINT (-122.495 38.3134)
https://patch.com/feeds/aol/california/southgate-lynwood,POINT (-118.1924 33.9447)
https://patch.com/feeds/aol/california/southpasadena,POINT (-118.1574 34.1101)
https://patch.com/feeds/aol/california/southsanfrancisco,POINT (-122.4199 37.6534)
https://patch.com/feeds/aol/california/studiocity,POINT (-118.3916 34.1396)
https://patch.com/feeds/aol/california/suisuncity,POINT (-122.0077 38.2473)
https://patch.com/feeds/aol/california/temecula,POINT (-117.1226 33.5011)
https://patch.com/feeds/aol/california/trabuco-canyon,POINT (-117.587 33.6655)
https://patch.com/feeds/aol/california/unioncity,POINT (-122.0188 37.6027)
https://patch.com/feeds/aol/california/venice,POINT (-118.4445 34.0069)
https://patch.com/feeds/aol/california/walnutcreek,POINT (-122.0409 37.9019)
https://patch.com/feeds/aol/california/watsonville,POINT (-121.7504 36.9391)
https://patch.com/feeds/aol/california/westhollywood,POINT (-118.372 34.0882)
https://patch.com/feeds/aol/california/centurycity,POINT (-118.4341 34.0616)
https://patch.com/feeds/aol/california/woodlandhills,POINT (-118.6061 34.1686)
https://patch.com/feeds/aol/colorado/across-co,POINT (-104.9915 39.742)
https://patch.com/feeds/aol/colorado/arvada,POINT (-105.0875 39.8028)
https://patch.com/feeds/aol/colorado/boulder,POINT (-105.2705 40.015)
https://patch.com/feeds/aol/colorado/broomfield,POINT (-105.0867 39.9205)
https://patch.com/feeds/aol/colorado/colorado-springs,POINT (-104.8214 38.8339)
https://patch.com/feeds/aol/colorado/denver,POINT (-104.9903 39.7392)
https://patch.com/feeds/aol/colorado/golden,POINT (-105.2211 39.7555)
https://patch.com/feeds/aol/colorado/lakewood-co,POINT (-105.0814 39.7047)
https://patch.com/feeds/aol/colorado/littleton,POINT (-105.0166 39.6133)
https://patch.com/feeds/aol/connecticut/across-ct,POINT (-73.1952 41.1865)
https://patch.com/feeds/aol/connecticut/avon,POINT (-72.8536 41.7907)
https://patch.com/feeds/aol/connecticut/berlin,POINT (-72.77589999999999 41.6114)
https://patch.com/feeds/aol/connecticut/bethel,POINT (-73.39319999999999 41.375)
https://patch.com/feeds/aol/connecticut/bethwood,POINT (-73.0012 41.3931)
https://patch.com/feeds/aol/connecticut/branford,POINT (-72.7993 41.2856)
https://patch.com/feeds/aol/connecticut/bridgeport,POINT (-73.1956 41.1864)
https://patch.com/feeds/aol/connecticut/brookfield,POINT (-73.3922 41.4673)
https://patch.com/feeds/aol/connecticut/canton-ct,POINT (-72.9083 41.86)
https://patch.com/feeds/aol/connecticut/cheshire,POINT (-72.9037 41.5113)
https://patch.com/feeds/aol/connecticut/clinton,POINT (-72.5301 41.2983)
https://patch.com/feeds/aol/connecticut/danbury,POINT (-73.471 41.4017)
https://patch.com/feeds/aol/connecticut/darien,POINT (-73.4819 41.0791)
https://patch.com/feeds/aol/connecticut/durham,POINT (-72.69540000000001 41.4822)
https://patch.com/feeds/aol/connecticut/easthampton-ct,POINT (-72.5414 41.5813)
https://patch.com/feeds/aol/connecticut/easthaven,POINT (-72.8578 41.2982)
https://patch.com/feeds/aol/connecticut/ellington-somers,POINT (-72.43380000000001 41.9554)
https://patch.com/feeds/aol/connecticut/enfield,POINT (-72.5547 41.9839)
https://patch.com/feeds/aol/connecticut/fairfield,POINT (-73.2736 41.1777)
https://patch.com/feeds/aol/connecticut/farmington,POINT (-72.8408 41.7288)
https://patch.com/feeds/aol/connecticut/glastonbury,POINT (-72.5471 41.6922)
https://patch.com/feeds/aol/connecticut/granby-eastgranby,POINT (-72.8058 41.9643)
https://patch.com/feeds/aol/connecticut/hartford,POINT (-72.6743 41.7627)
https://patch.com/feeds/aol/connecticut/greenwich,POINT (-73.6371 41.0675)
https://patch.com/feeds/aol/connecticut/groton,POINT (-72.0437 41.3533)
https://patch.com/feeds/aol/connecticut/guilford,POINT (-72.70050000000001 41.3315)
https://patch.com/feeds/aol/connecticut/hamden,POINT (-72.92140000000001 41.3961)
https://patch.com/feeds/aol/connecticut/ledyard,POINT (-72.0167 41.44)
https://patch.com/feeds/aol/connecticut/madison-ct,POINT (-72.6281 41.3401)
https://patch.com/feeds/aol/connecticut/manchester,POINT (-72.52419999999999 41.7754)
https://patch.com/feeds/aol/connecticut/mansfield,POINT (-72.2308 41.787)
https://patch.com/feeds/aol/connecticut/meriden,POINT (-72.79430000000001 41.5367)
https://patch.com/feeds/aol/connecticut/middletown-ct,POINT (-72.65479999999999 41.5477)
https://patch.com/feeds/aol/connecticut/milford,POINT (-73.0621 41.2257)
https://patch.com/feeds/aol/connecticut/monroe,POINT (-73.2251 41.3378)
https://patch.com/feeds/aol/connecticut/montville-ct,POINT (-72.1571 41.4634)
https://patch.com/feeds/aol/connecticut/naugatuck,POINT (-73.0517 41.489)
https://patch.com/feeds/aol/connecticut/newcanaan,POINT (-73.4992 41.1592)
https://patch.com/feeds/aol/connecticut/newhaven,POINT (-72.92359999999999 41.31)
https://patch.com/feeds/aol/connecticut/newlondon,POINT (-72.10250000000001 41.3507)
https://patch.com/feeds/aol/connecticut/newmilford,POINT (-73.4059 41.5836)
https://patch.com/feeds/aol/connecticut/newington,POINT (-72.73 41.6872)
https://patch.com/feeds/aol/connecticut/newtown,POINT (-73.29300000000001 41.3987)
https://patch.com/feeds/aol/connecticut/northbranford,POINT (-72.7769 41.3646)
https://patch.com/feeds/aol/connecticut/northhaven,POINT (-72.85720000000001 41.3817)
https://patch.com/feeds/aol/connecticut/norwalk,POINT (-73.4225 41.1169)
https://patch.com/feeds/aol/connecticut/norwich,POINT (-72.08750000000001 41.5503)
https://patch.com/feeds/aol/connecticut/orange,POINT (-73.0273 41.2827)
https://patch.com/feeds/aol/connecticut/oxford-ct,POINT (-73.13509999999999 41.4313)
https://patch.com/feeds/aol/connecticut/ridgefield,POINT (-73.50230000000001 41.3065)
https://patch.com/feeds/aol/connecticut/rockyhill,POINT (-72.66330000000001 41.6571)
https://patch.com/feeds/aol/connecticut/shelton,POINT (-73.0822 41.3267)
https://patch.com/feeds/aol/connecticut/simsbury,POINT (-72.82559999999999 41.8729)
https://patch.com/feeds/aol/connecticut/southwindsor,POINT (-72.57340000000001 41.8352)
https://patch.com/feeds/aol/connecticut/southbury,POINT (-73.2332 41.4746)
https://patch.com/feeds/aol/connecticut/southington,POINT (-72.8802 41.6049)
https://patch.com/feeds/aol/connecticut/stafford-willington,POINT (-72.3032 41.9537)
https://patch.com/feeds/aol/connecticut/stamford,POINT (-73.55840000000001 41.1038)
https://patch.com/feeds/aol/connecticut/stonington,POINT (-71.9187 41.3706)
https://patch.com/feeds/aol/connecticut/stratford,POINT (-73.1306 41.2074)
https://patch.com/feeds/aol/connecticut/suffield,POINT (-72.6789 41.9944)
https://patch.com/feeds/aol/connecticut/thehaddams-killingworth,POINT (-72.49169999999999 41.449)
https://patch.com/feeds/aol/connecticut/thelymes,POINT (-72.30159999999999 41.3678)
https://patch.com/feeds/aol/connecticut/tolland,POINT (-72.3647 41.8786)
https://patch.com/feeds/aol/connecticut/trumbull,POINT (-73.20820000000001 41.26)
https://patch.com/feeds/aol/connecticut/vernon,POINT (-72.4606 41.8364)
https://patch.com/feeds/aol/connecticut/wallingford,POINT (-72.8038 41.4588)
https://patch.com/feeds/aol/connecticut/waterford,POINT (-72.1482 41.3692)
https://patch.com/feeds/aol/connecticut/westhartford,POINT (-72.7534 41.7669)
https://patch.com/feeds/aol/connecticut/westhaven,POINT (-72.9678 41.2739)
https://patch.com/feeds/aol/connecticut/weston-ct,POINT (-73.3548 41.2714)
https://patch.com/feeds/aol/connecticut/westport,POINT (-73.3476 41.1426)
https://patch.com/feeds/aol/connecticut/wethersfield,POINT (-72.6694 41.7011)
https://patch.com/feeds/aol/connecticut/wilton,POINT (-73.4401 41.207)
https://patch.com/feeds/aol/connecticut/windsor,POINT (-72.6738 41.8712)
https://patch.com/feeds/aol/connecticut/windsorlocks,POINT (-72.58969999999999 41.9105)
https://patch.com/feeds/aol/connecticut/woodbury-middlebury,POINT (-73.1737 41.5524)
https://patch.com/feeds/aol/delaware/across-de,POINT (-75.5398 39.7391)
https://patch.com/feeds/aol/delaware/wilmington-de,POINT (-75.5398 39.7391)
https://patch.com/feeds/aol/district-columbia/georgetown,POINT (-77.0669 38.9105)
https://patch.com/feeds/aol/district-columbia/washingtondc,POINT (-77.0164 38.9047)
https://patch.com/feeds/aol/florida/across-fl,POINT (-81.6557 30.3322)
https://patch.com/feeds/aol/florida/aventura,POINT (-80.1392 25.9565)
https://patch.com/feeds/aol/florida/bloomingdale,POINT (-82.2594 27.8759)
https://patch.com/feeds/aol/florida/boca-raton,POINT (-80.1289 26.3683)
https://patch.com/feeds/aol/florida/bradenton,POINT (-82.4876 27.4592)
https://patch.com/feeds/aol/florida/brandon,POINT (-82.29819999999999 27.9453)
https://patch.com/feeds/aol/florida/carrollwood,POINT (-82.5089 28.0757)
https://patch.com/feeds/aol/florida/clearwater,POINT (-82.73139999999999 27.9509)
https://patch.com/feeds/aol/florida/coralgables-coconutgrove,POINT (-80.2684 25.7215)
https://patch.com/feeds/aol/florida/dunedin,POINT (-82.77290000000001 28.0287)
https://patch.com/feeds/aol/florida/eastlake,POINT (-82.6842 28.1163)
https://patch.com/feeds/aol/florida/fort-myers,POINT (-81.8723 26.6406)
https://patch.com/feeds/aol/florida/gulfport,POINT (-82.6998 27.7503)
https://patch.com/feeds/aol/florida/jacksonville,POINT (-81.6557 30.3322)
https://patch.com/feeds/aol/florida/lakeland,POINT (-81.9498 28.0395)
https://patch.com/feeds/aol/florida/landolakes,POINT (-82.4457 28.2621)
https://patch.com/feeds/aol/florida/largo,POINT (-82.7851 27.8845)
https://patch.com/feeds/aol/florida/lutz,POINT (-82.4717 28.1481)
https://patch.com/feeds/aol/florida/miami,POINT (-80.1918 25.7617)
https://patch.com/feeds/aol/florida/miamibeach,POINT (-80.13 25.7907)
https://patch.com/feeds/aol/florida/newportrichey,POINT (-82.6716 28.2443)
https://patch.com/feeds/aol/florida/newtampa,POINT (-82.349 28.138)
https://patch.com/feeds/aol/florida/orlando,POINT (-81.3792 28.5383)
https://patch.com/feeds/aol/florida/palmharbor,POINT (-82.74939999999999 28.0834)
https://patch.com/feeds/aol/florida/palmettobay-cutler,POINT (-80.3248 25.6218)
https://patch.com/feeds/aol/florida/pensacola,POINT (-87.2169 30.4213)
https://patch.com/feeds/aol/florida/pinecrest,POINT (-80.307 25.6623)
https://patch.com/feeds/aol/florida/pinellasbeaches,POINT (-82.798 27.858)
https://patch.com/feeds/aol/florida/plant-city,POINT (-82.1203 28.0144)
https://patch.com/feeds/aol/florida/ponte-vedra-beach,POINT (-81.3853 30.24)
https://patch.com/feeds/aol/florida/safetyharbor,POINT (-82.69589999999999 28.007)
https://patch.com/feeds/aol/florida/sarasota,POINT (-82.4855 27.318)
https://patch.com/feeds/aol/florida/seminoleheights,POINT (-82.45959999999999 27.9977)
https://patch.com/feeds/aol/florida/stpete,POINT (-82.6558 27.7995)
https://patch.com/feeds/aol/florida/southtampa,POINT (-82.47069999999999 27.9299)
https://patch.com/feeds/aol/florida/tarponsprings,POINT (-82.7687 28.1531)
https://patch.com/feeds/aol/florida/templeterrace,POINT (-82.40000000000001 28.0472)
https://patch.com/feeds/aol/florida/west-palm-beach,POINT (-80.0534 26.7153)
https://patch.com/feeds/aol/florida/westchase,POINT (-82.6083 28.0866)
https://patch.com/feeds/aol/georgia/across-ga,POINT (-84.38800000000001 33.749)
https://patch.com/feeds/aol/georgia/acworth,POINT (-84.6831 34.0661)
https://patch.com/feeds/aol/georgia/alpharetta,POINT (-84.2901 34.1089)
https://patch.com/feeds/aol/georgia/athens,POINT (-83.3673 33.9512)
https://patch.com/feeds/aol/georgia/atlanta,POINT (-84.39 33.755)
https://patch.com/feeds/aol/georgia/barrow,POINT (-83.7127 33.9932)
https://patch.com/feeds/aol/georgia/brookhaven,POINT (-84.337 33.8693)
https://patch.com/feeds/aol/georgia/buckhead,POINT (-84.4053 33.8437)
https://patch.com/feeds/aol/georgia/buford,POINT (-83.9922 34.1149)
https://patch.com/feeds/aol/georgia/canton-ga,POINT (-84.51000000000001 34.2564)
https://patch.com/feeds/aol/georgia/cartersville,POINT (-84.8261 34.1831)
https://patch.com/feeds/aol/georgia/cascade,POINT (-84.5027 33.7113)
https://patch.com/feeds/aol/georgia/cumming,POINT (-84.1221 34.229)
https://patch.com/feeds/aol/georgia/dacula,POINT (-83.8807 33.994)
https://patch.com/feeds/aol/georgia/dallas-hiram,POINT (-84.8436 33.9198)
https://patch.com/feeds/aol/georgia/decatur,POINT (-84.2525 33.7274)
https://patch.com/feeds/aol/georgia/douglasville,POINT (-84.73309999999999 33.7105)
https://patch.com/feeds/aol/georgia/duluth,POINT (-84.1349 33.9861)
https://patch.com/feeds/aol/georgia/dunwoody,POINT (-84.30889999999999 33.9359)
https://patch.com/feeds/aol/georgia/eastatlanta,POINT (-84.3434 33.7306)
https://patch.com/feeds/aol/georgia/eastcobb,POINT (-84.4571 33.9735)
https://patch.com/feeds/aol/georgia/gwinnett,POINT (-84.0163 33.9184)
https://patch.com/feeds/aol/georgia/hollysprings,POINT (-84.39919999999999 34.1986)
https://patch.com/feeds/aol/georgia/johnscreek,POINT (-84.2041 34.0336)
https://patch.com/feeds/aol/georgia/kennesaw,POINT (-84.6155 34.0186)
https://patch.com/feeds/aol/georgia/lawrenceville-ga,POINT (-84.0042 33.9563)
https://patch.com/feeds/aol/georgia/lilburn,POINT (-84.1125 33.8704)
https://patch.com/feeds/aol/georgia/loganville,POINT (-83.9006 33.8233)
https://patch.com/feeds/aol/georgia/marietta,POINT (-84.5758 33.9234)
https://patch.com/feeds/aol/georgia/midtown,POINT (-84.3969 33.7842)
https://patch.com/feeds/aol/georgia/monroe-ga,POINT (-83.6991 33.7759)
https://patch.com/feeds/aol/georgia/norcross,POINT (-84.1927 33.9194)
https://patch.com/feeds/aol/georgia/northdruidhills,POINT (-84.28789999999999 33.8381)
https://patch.com/feeds/aol/georgia/northeastcobb,POINT (-84.50790000000001 34.0341)
https://patch.com/feeds/aol/georgia/oconee,POINT (-83.437 33.8349)
https://patch.com/feeds/aol/georgia/peachtreecorners,POINT (-84.2276 33.967)
https://patch.com/feeds/aol/georgia/roswell,POINT (-84.3623 34.0437)
https://patch.com/feeds/aol/georgia/sandysprings,POINT (-84.3702 33.9381)
https://patch.com/feeds/aol/georgia/savannah,POINT (-81.0998 32.0835)
https://patch.com/feeds/aol/georgia/smyrna,POINT (-84.5039 33.8672)
https://patch.com/feeds/aol/georgia/snellville,POINT (-84.02679999999999 33.8257)
https://patch.com/feeds/aol/georgia/southcobb,POINT (-84.5834 33.8136)
https://patch.com/feeds/aol/georgia/stonemountain,POINT (-84.1403 33.7467)
https://patch.com/feeds/aol/georgia/suwanee,POINT (-84.0681 34.0495)
https://patch.com/feeds/aol/georgia/tucker,POINT (-84.2167 33.8556)
https://patch.com/feeds/aol/georgia/vahi,POINT (-84.3426 33.7905)
https://patch.com/feeds/aol/georgia/westcobb,POINT (-84.6782 33.9019)
https://patch.com/feeds/aol/georgia/woodstock,POINT (-84.50239999999999 34.1181)
https://patch.com/feeds/aol/hawaii/across-hi,POINT (-157.8583 21.3069)
https://patch.com/feeds/aol/hawaii/honolulu,POINT (-157.8583 21.3069)
https://patch.com/feeds/aol/idaho/across-id,POINT (-116.2146 43.6187)
https://patch.com/feeds/aol/idaho/boise,POINT (-116.2146 43.6187)
https://patch.com/feeds/aol/illinois/across-il,POINT (-87.6298 41.8781)
https://patch.com/feeds/aol/illinois/algonquin,POINT (-88.3301 42.1759)
https://patch.com/feeds/aol/illinois/alsip-crestwood,POINT (-87.73869999999999 41.6689)
https://patch.com/feeds/aol/illinois/arlingtonheights,POINT (-87.9812 42.0968)
https://patch.com/feeds/aol/illinois/aurora,POINT (-88.3201 41.7606)
https://patch.com/feeds/aol/illinois/barrington-il,POINT (-88.1281 42.1515)
https://patch.com/feeds/aol/illinois/batavia,POINT (-88.31019999999999 41.8479)
https://patch.com/feeds/aol/illinois/beverly-mtgreenwood,POINT (-87.6781 41.6987)
https://patch.com/feeds/aol/illinois/bolingbrook,POINT (-88.104 41.69)
https://patch.com/feeds/aol/illinois/bucktown-wickerpark,POINT (-87.6784 41.9129)
https://patch.com/feeds/aol/illinois/buffalogrove,POINT (-87.9609 42.1672)
https://patch.com/feeds/aol/illinois/burrridge,POINT (-87.92 41.7487)
https://patch.com/feeds/aol/illinois/champaign,POINT (-88.24339999999999 40.1164)
https://patch.com/feeds/aol/illinois/channahon-minooka,POINT (-88.2376 41.4342)
https://patch.com/feeds/aol/illinois/chicago,POINT (-87.6298 41.8781)
https://patch.com/feeds/aol/illinois/chicagoheights,POINT (-87.65779999999999 41.5028)
https://patch.com/feeds/aol/illinois/crystallake,POINT (-88.3 42.2442)
https://patch.com/feeds/aol/illinois/darien-il,POINT (-87.985 41.7439)
https://patch.com/feeds/aol/illinois/decatur-il,POINT (-88.95480000000001 39.8403)
https://patch.com/feeds/aol/illinois/deerfield,POINT (-87.86969999999999 42.173)
https://patch.com/feeds/aol/illinois/desplaines,POINT (-87.9016 42.0338)
https://patch.com/feeds/aol/illinois/downersgrove,POINT (-88.0189 41.7937)
https://patch.com/feeds/aol/illinois/elgin,POINT (-88.2826 42.0354)
https://patch.com/feeds/aol/illinois/elmhurst,POINT (-87.94329999999999 41.8977)
https://patch.com/feeds/aol/illinois/evanston,POINT (-87.69410000000001 42.0463)
https://patch.com/feeds/aol/illinois/evergreenpark,POINT (-87.70180000000001 41.7225)
https://patch.com/feeds/aol/illinois/forestpark,POINT (-87.8156 41.8679)
https://patch.com/feeds/aol/illinois/frankfort,POINT (-87.83880000000001 41.501)
https://patch.com/feeds/aol/illinois/geneva,POINT (-88.32389999999999 41.8828)
https://patch.com/feeds/aol/illinois/glenellyn,POINT (-88.06189999999999 41.8608)
https://patch.com/feeds/aol/illinois/glenview,POINT (-87.81829999999999 42.0803)
https://patch.com/feeds/aol/illinois/grayslake,POINT (-88.0335 42.343)
https://patch.com/feeds/aol/illinois/highlandpark,POINT (-87.81059999999999 42.1845)
https://patch.com/feeds/aol/illinois/hinsdale,POINT (-87.9355 41.8001)
https://patch.com/feeds/aol/illinois/homerglen-lockport,POINT (-88.0472 41.5886)
https://patch.com/feeds/aol/illinois/homewood-flossmoor,POINT (-87.67059999999999 41.551)
https://patch.com/feeds/aol/illinois/huntley,POINT (-88.43429999999999 42.162)
https://patch.com/feeds/aol/illinois/hydepark,POINT (-87.5907 41.7943)
https://patch.com/feeds/aol/illinois/joliet,POINT (-88.1247 41.513)
https://patch.com/feeds/aol/illinois/lagrange,POINT (-87.8762 41.7964)
https://patch.com/feeds/aol/illinois/lakeforest,POINT (-87.8644 42.2543)
https://patch.com/feeds/aol/illinois/lakeview,POINT (-87.655 41.9441)
https://patch.com/feeds/aol/illinois/lakezurich,POINT (-88.0877 42.1953)
https://patch.com/feeds/aol/illinois/lemont,POINT (-87.9649 41.6693)
https://patch.com/feeds/aol/illinois/libertyville,POINT (-87.9658 42.2863)
https://patch.com/feeds/aol/illinois/lincolnpark,POINT (-87.6485 41.9227)
https://patch.com/feeds/aol/illinois/lincolnsquare,POINT (-87.68770000000001 41.9752)
https://patch.com/feeds/aol/illinois/lisle,POINT (-88.0887 41.7918)
https://patch.com/feeds/aol/illinois/manhattan,POINT (-87.9859 41.4225)
https://patch.com/feeds/aol/illinois/mokena,POINT (-87.8758 41.5332)
https://patch.com/feeds/aol/illinois/montgomery,POINT (-88.3524 41.7257)
https://patch.com/feeds/aol/illinois/naperville,POINT (-88.16800000000001 41.7481)
https://patch.com/feeds/aol/illinois/newlenox,POINT (-87.9765 41.5168)
https://patch.com/feeds/aol/illinois/niles,POINT (-87.8005 42.0345)
https://patch.com/feeds/aol/illinois/northcenter-roscoevillage,POINT (-87.68389999999999 41.9478)
https://patch.com/feeds/aol/illinois/northbrook,POINT (-87.83459999999999 42.1299)
https://patch.com/feeds/aol/illinois/oak-brook,POINT (-87.95359999999999 41.8398)
https://patch.com/feeds/aol/illinois/oakforest,POINT (-87.7508 41.6031)
https://patch.com/feeds/aol/illinois/oaklawn,POINT (-87.7529 41.7139)
https://patch.com/feeds/aol/illinois/oakpark,POINT (-87.8001 41.8899)
https://patch.com/feeds/aol/illinois/orlandpark,POINT (-87.86109999999999 41.6035)
https://patch.com/feeds/aol/illinois/oswego,POINT (-88.3331 41.6935)
https://patch.com/feeds/aol/illinois/palatine,POINT (-88.0421 42.1172)
https://patch.com/feeds/aol/illinois/palos,POINT (-87.8305 41.6775)
https://patch.com/feeds/aol/illinois/parkridge,POINT (-87.846 42.0139)
https://patch.com/feeds/aol/illinois/peoria,POINT (-89.589 40.6936)
https://patch.com/feeds/aol/illinois/plainfield,POINT (-88.20189999999999 41.6203)
https://patch.com/feeds/aol/illinois/rockford,POINT (-89.09399999999999 42.2711)
https://patch.com/feeds/aol/illinois/romeoville,POINT (-88.0936 41.6337)
https://patch.com/feeds/aol/illinois/shorewood-il,POINT (-88.20869999999999 41.5196)
https://patch.com/feeds/aol/illinois/skokie,POINT (-87.74039999999999 42.0357)
https://patch.com/feeds/aol/illinois/southside,POINT (-87.6416 41.7753)
https://patch.com/feeds/aol/illinois/springfield-il,POINT (-89.65009999999999 39.7817)
https://patch.com/feeds/aol/illinois/stcharles-il,POINT (-88.3135 41.9187)
https://patch.com/feeds/aol/illinois/tinleypark,POINT (-87.79989999999999 41.5645)
https://patch.com/feeds/aol/illinois/vernonhills,POINT (-87.9609 42.2339)
https://patch.com/feeds/aol/illinois/westside,POINT (-87.75060000000001 41.8897)
https://patch.com/feeds/aol/illinois/westernsprings,POINT (-87.90049999999999 41.8038)
https://patch.com/feeds/aol/illinois/wheaton,POINT (-88.1101 41.8542)
https://patch.com/feeds/aol/illinois/wilmette,POINT (-87.7265 42.0782)
https://patch.com/feeds/aol/illinois/winnetka,POINT (-87.76090000000001 42.1151)
https://patch.com/feeds/aol/illinois/woodridge,POINT (-88.0463 41.7398)
https://patch.com/feeds/aol/illinois/yorkville,POINT (-88.447 41.6575)
https://patch.com/feeds/aol/indiana/across-in,POINT (-86.1581 39.7684)
https://patch.com/feeds/aol/indiana/carmel,POINT (-86.11799999999999 39.9784)
https://patch.com/feeds/aol/indiana/evansville-in,POINT (-87.5711 37.9716)
https://patch.com/feeds/aol/indiana/fishers,POINT (-86.0134 39.9568)
https://patch.com/feeds/aol/indiana/gary,POINT (-87.3464 41.5934)
https://patch.com/feeds/aol/indiana/hammond,POINT (-87.5 41.5834)
https://patch.com/feeds/aol/indiana/hobart,POINT (-87.255 41.5323)
https://patch.com/feeds/aol/indiana/indianapolis,POINT (-86.1581 39.7684)
https://patch.com/feeds/aol/indiana/merrillville,POINT (-87.33280000000001 41.4828)
https://patch.com/feeds/aol/indiana/munster,POINT (-87.5125 41.5645)
https://patch.com/feeds/aol/indiana/noblesville,POINT (-86.0086 40.0456)
https://patch.com/feeds/aol/indiana/south-bend,POINT (-86.252 41.6764)
https://patch.com/feeds/aol/indiana/zionsville,POINT (-86.2619 39.9509)
https://patch.com/feeds/aol/iowa/across-ia,POINT (-93.6091 41.6005)
https://patch.com/feeds/aol/iowa/ames,POINT (-93.6272 42.024)
https://patch.com/feeds/aol/iowa/ankeny,POINT (-93.60339999999999 41.7221)
https://patch.com/feeds/aol/iowa/cedarfalls,POINT (-92.4528 42.5197)
https://patch.com/feeds/aol/iowa/davenport,POINT (-90.5776 41.5236)
https://patch.com/feeds/aol/iowa/des-moines,POINT (-93.6091 41.6005)
https://patch.com/feeds/aol/iowa/iowacity,POINT (-91.533 41.6566)
https://patch.com/feeds/aol/iowa/johnston-ia,POINT (-93.7097 41.6852)
https://patch.com/feeds/aol/iowa/marion,POINT (-91.5868 42.0379)
https://patch.com/feeds/aol/iowa/urbandale,POINT (-93.7778 41.6375)
https://patch.com/feeds/aol/iowa/waukee,POINT (-93.8694 41.5999)
https://patch.com/feeds/aol/iowa/westdesmoines,POINT (-93.78 41.5527)
https://patch.com/feeds/aol/kansas/across-ks,POINT (-97.3301 37.6872)
https://patch.com/feeds/aol/kansas/overland-park,POINT (-94.6275 39.1141)
https://patch.com/feeds/aol/kansas/wichita,POINT (-97.3301 37.6872)
https://patch.com/feeds/aol/kentucky/across-ky,POINT (-85.7585 38.2527)
https://patch.com/feeds/aol/kentucky/lexington-ky,POINT (-84.50369999999999 38.0406)
https://patch.com/feeds/aol/kentucky/louisville,POINT (-85.7585 38.2527)
https://patch.com/feeds/aol/kentucky/paducah,POINT (-88.59999999999999 37.0834)
https://patch.com/feeds/aol/louisiana/across-la,POINT (-90.0715 29.9511)
https://patch.com/feeds/aol/louisiana/baton-rouge,POINT (-91.1403 30.4583)
https://patch.com/feeds/aol/louisiana/gentilly,POINT (-90.0607 30.0145)
https://patch.com/feeds/aol/louisiana/kenner,POINT (-90.24169999999999 29.9941)
https://patch.com/feeds/aol/louisiana/metairie,POINT (-90.1529 29.9841)
https://patch.com/feeds/aol/louisiana/new-orleans,POINT (-90.0715 29.9511)
https://patch.com/feeds/aol/louisiana/shreveport,POINT (-93.75020000000001 32.5252)
https://patch.com/feeds/aol/maine/across-me,POINT (-70.25530000000001 43.6615)
https://patch.com/feeds/aol/maine/augusta,POINT (-69.7795 44.3106)
https://patch.com/feeds/aol/maine/portland-me,POINT (-70.25530000000001 43.6615)
https://patch.com/feeds/aol/maryland/aberdeen,POINT (-76.17189999999999 39.5134)
https://patch.com/feeds/aol/maryland/across-md,POINT (-76.6122 39.2904)
https://patch.com/feeds/aol/maryland/annapolis,POINT (-76.5121 38.9673)
https://patch.com/feeds/aol/maryland/annearundel,POINT (-76.55370000000001 39.1125)
https://patch.com/feeds/aol/maryland/arbutus,POINT (-76.6923 39.2428)
https://patch.com/feeds/aol/maryland/baltimore,POINT (-76.6122 39.2904)
https://patch.com/feeds/aol/maryland/belair,POINT (-76.3468 39.5344)
https://patch.com/feeds/aol/maryland/bethesda-chevychase,POINT (-77.1108 38.9879)
https://patch.com/feeds/aol/maryland/bowie,POINT (-76.7462 38.9662)
https://patch.com/feeds/aol/maryland/broadneck,POINT (-76.46120000000001 39.0244)
https://patch.com/feeds/aol/maryland/catonsville,POINT (-76.7424 39.2645)
https://patch.com/feeds/aol/maryland/collegepark,POINT (-76.9333 38.9958)
https://patch.com/feeds/aol/maryland/columbia,POINT (-76.867 39.202)
https://patch.com/feeds/aol/maryland/crofton,POINT (-76.68510000000001 39.0075)
https://patch.com/feeds/aol/maryland/dundalk,POINT (-76.49639999999999 39.2666)
https://patch.com/feeds/aol/maryland/edgewater,POINT (-76.56189999999999 38.9253)
https://patch.com/feeds/aol/maryland/eldersburg,POINT (-76.9539 39.403)
https://patch.com/feeds/aol/maryland/elkridge,POINT (-76.75069999999999 39.2031)
https://patch.com/feeds/aol/maryland/ellicottcity,POINT (-76.8334 39.2712)
https://patch.com/feeds/aol/maryland/essex,POINT (-76.434 39.3172)
https://patch.com/feeds/aol/maryland/fallston,POINT (-76.44159999999999 39.5293)
https://patch.com/feeds/aol/maryland/gaithersburg,POINT (-77.2098 39.1313)
https://patch.com/feeds/aol/maryland/germantown,POINT (-77.26130000000001 39.1784)
https://patch.com/feeds/aol/maryland/glenburnie,POINT (-76.569 39.1693)
https://patch.com/feeds/aol/maryland/greenbelt,POINT (-76.8874 38.9947)
https://patch.com/feeds/aol/maryland/havredegrace,POINT (-76.1117 39.5475)
https://patch.com/feeds/aol/maryland/huntvalley,POINT (-76.6296 39.4798)
https://patch.com/feeds/aol/maryland/hyattsville,POINT (-76.9543 38.9598)
https://patch.com/feeds/aol/maryland/kensington,POINT (-77.07470000000001 39.0272)
https://patch.com/feeds/aol/maryland/laurel,POINT (-76.8421 39.124)
https://patch.com/feeds/aol/maryland/timonium,POINT (-76.6117 39.4402)
https://patch.com/feeds/aol/maryland/montgomeryvillage,POINT (-77.1934 39.1796)
https://patch.com/feeds/aol/maryland/northbaltimore,POINT (-76.6396 39.3506)
https://patch.com/feeds/aol/maryland/northpotomac,POINT (-77.27930000000001 39.0909)
https://patch.com/feeds/aol/maryland/odenton,POINT (-76.6938 39.0997)
https://patch.com/feeds/aol/maryland/owingsmills,POINT (-76.79940000000001 39.4268)
https://patch.com/feeds/aol/maryland/parkville,POINT (-76.53449999999999 39.3845)
https://patch.com/feeds/aol/maryland/perryhall,POINT (-76.46210000000001 39.4042)
https://patch.com/feeds/aol/maryland/perryville,POINT (-76.044 39.5715)
https://patch.com/feeds/aol/maryland/pikesville,POINT (-76.70189999999999 39.3894)
https://patch.com/feeds/aol/maryland/potomac,POINT (-77.19459999999999 39.014)
https://patch.com/feeds/aol/maryland/riverdalepark,POINT (-76.9294 38.9661)
https://patch.com/feeds/aol/maryland/rockville,POINT (-77.163 39.0872)
https://patch.com/feeds/aol/maryland/severnapark,POINT (-76.572 39.0834)
https://patch.com/feeds/aol/maryland/silverspring,POINT (-77.0146 39.0445)
https://patch.com/feeds/aol/maryland/takomapark,POINT (-77.00239999999999 38.9809)
https://patch.com/feeds/aol/maryland/towson,POINT (-76.619 39.3944)
https://patch.com/feeds/aol/maryland/uppermarlboro,POINT (-76.7683 38.8105)
https://patch.com/feeds/aol/maryland/westminster,POINT (-77.0077 39.579)
https://patch.com/feeds/aol/maryland/wheaton-md,POINT (-77.0527 39.0579)
https://patch.com/feeds/aol/massachusetts/across-ma,POINT (-71.05889999999999 42.3601)
https://patch.com/feeds/aol/massachusetts/acton,POINT (-71.4378 42.4842)
https://patch.com/feeds/aol/massachusetts/andover,POINT (-71.1651 42.6465)
https://patch.com/feeds/aol/massachusetts/arlington,POINT (-71.16370000000001 42.4187)
https://patch.com/feeds/aol/massachusetts/attleboro,POINT (-71.2948 41.9307)
https://patch.com/feeds/aol/massachusetts/backbay,POINT (-71.081 42.3504)
https://patch.com/feeds/aol/massachusetts/barnstable-hyannis,POINT (-70.35980000000001 41.6722)
https://patch.com/feeds/aol/massachusetts/beaconhill,POINT (-71.06789999999999 42.3572)
https://patch.com/feeds/aol/massachusetts/bedford-ma,POINT (-71.2783 42.4968)
https://patch.com/feeds/aol/massachusetts/belmont,POINT (-71.1764 42.3949)
https://patch.com/feeds/aol/massachusetts/beverly,POINT (-70.8557 42.5643)
https://patch.com/feeds/aol/massachusetts/boston,POINT (-71.05889999999999 42.3601)
https://patch.com/feeds/aol/massachusetts/braintree,POINT (-71.0021 42.2038)
https://patch.com/feeds/aol/massachusetts/brockton,POINT (-71.0189 42.0833)
https://patch.com/feeds/aol/massachusetts/brookline,POINT (-71.1408 42.3243)
https://patch.com/feeds/aol/massachusetts/burlington,POINT (-71.20269999999999 42.5021)
https://patch.com/feeds/aol/massachusetts/cambridge,POINT (-71.11060000000001 42.3736)
https://patch.com/feeds/aol/massachusetts/canton,POINT (-71.1263 42.1751)
https://patch.com/feeds/aol/massachusetts/charlestown,POINT (-71.0638 42.3791)
https://patch.com/feeds/aol/massachusetts/chelmsford,POINT (-71.3631 42.5999)
https://patch.com/feeds/aol/massachusetts/concord,POINT (-71.3638 42.4618)
https://patch.com/feeds/aol/massachusetts/danvers,POINT (-70.94929999999999 42.574)
https://patch.com/feeds/aol/massachusetts/dedham,POINT (-71.1776 42.2465)
https://patch.com/feeds/aol/massachusetts/dover,POINT (-71.3306 42.2352)
https://patch.com/feeds/aol/massachusetts/easton-ma,POINT (-71.1104 42.0366)
https://patch.com/feeds/aol/massachusetts/falmouth,POINT (-70.5929 41.5907)
https://patch.com/feeds/aol/massachusetts/fenwaykenmore,POINT (-71.0979 42.3437)
https://patch.com/feeds/aol/massachusetts/foxborough,POINT (-71.2456 42.063)
https://patch.com/feeds/aol/massachusetts/framingham,POINT (-71.4365 42.3084)
https://patch.com/feeds/aol/massachusetts/grafton,POINT (-71.68389999999999 42.2082)
https://patch.com/feeds/aol/massachusetts/hamilton-wenham,POINT (-70.867 42.6186)
https://patch.com/feeds/aol/massachusetts/hingham,POINT (-70.8852 42.2217)
https://patch.com/feeds/aol/massachusetts/holliston-hopkinton,POINT (-71.5004 42.2143)
https://patch.com/feeds/aol/massachusetts/jamaicaplain,POINT (-71.1144 42.3074)
https://patch.com/feeds/aol/massachusetts/lexington,POINT (-71.23050000000001 42.4455)
https://patch.com/feeds/aol/massachusetts/lynnfield,POINT (-71.03830000000001 42.5356)
https://patch.com/feeds/aol/massachusetts/malden,POINT (-71.0575 42.4305)
https://patch.com/feeds/aol/massachusetts/mansfield-ma,POINT (-71.2196 42.0158)
https://patch.com/feeds/aol/massachusetts/marblehead,POINT (-70.86190000000001 42.5013)
https://patch.com/feeds/aol/massachusetts/marlborough,POINT (-71.5468 42.3495)
https://patch.com/feeds/aol/massachusetts/marthasvineyard,POINT (-70.62820000000001 41.3882)
https://patch.com/feeds/aol/massachusetts/medfield,POINT (-71.30500000000001 42.1847)
https://patch.com/feeds/aol/massachusetts/medford,POINT (-71.1084 42.4235)
https://patch.com/feeds/aol/massachusetts/melrose,POINT (-71.0587 42.4557)
https://patch.com/feeds/aol/massachusetts/milford-ma,POINT (-71.5164 42.1479)
https://patch.com/feeds/aol/massachusetts/milton,POINT (-71.0842 42.2413)
https://patch.com/feeds/aol/massachusetts/natick,POINT (-71.3494 42.2846)
https://patch.com/feeds/aol/massachusetts/needham,POINT (-71.24120000000001 42.2813)
https://patch.com/feeds/aol/massachusetts/newton,POINT (-71.2084 42.3315)
https://patch.com/feeds/aol/massachusetts/northandover,POINT (-71.0865 42.6713)
https://patch.com/feeds/aol/massachusetts/northend,POINT (-71.05370000000001 42.3647)
https://patch.com/feeds/aol/massachusetts/northreading,POINT (-71.087 42.5816)
https://patch.com/feeds/aol/massachusetts/northborough,POINT (-71.6456 42.3227)
https://patch.com/feeds/aol/massachusetts/norton,POINT (-71.18340000000001 41.9638)
https://patch.com/feeds/aol/massachusetts/norwood,POINT (-71.1947 42.186)
https://patch.com/feeds/aol/massachusetts/peabody,POINT (-70.9725 42.5336)
https://patch.com/feeds/aol/massachusetts/plymouth,POINT (-70.62909999999999 41.8786)
https://patch.com/feeds/aol/massachusetts/quincy,POINT (-71.00230000000001 42.2529)
https://patch.com/feeds/aol/massachusetts/reading,POINT (-71.10550000000001 42.5349)
https://patch.com/feeds/aol/massachusetts/roslindale,POINT (-71.12479999999999 42.283)
https://patch.com/feeds/aol/massachusetts/salem,POINT (-70.9028 42.5133)
https://patch.com/feeds/aol/massachusetts/seekonk-swansea,POINT (-71.25579999999999 41.7903)
https://patch.com/feeds/aol/massachusetts/sharon,POINT (-71.1829 42.1088)
https://patch.com/feeds/aol/massachusetts/shrewsbury,POINT (-71.71559999999999 42.284)
https://patch.com/feeds/aol/massachusetts/somerville,POINT (-71.1014 42.3908)
https://patch.com/feeds/aol/massachusetts/southend,POINT (-71.07429999999999 42.3398)
https://patch.com/feeds/aol/massachusetts/stoneham,POINT (-71.0973 42.4742)
https://patch.com/feeds/aol/massachusetts/stoughton,POINT (-71.10209999999999 42.1193)
https://patch.com/feeds/aol/massachusetts/sudbury,POINT (-71.4235 42.3844)
https://patch.com/feeds/aol/massachusetts/swampscott,POINT (-70.9068 42.476)
https://patch.com/feeds/aol/massachusetts/tewksbury,POINT (-71.2278 42.612)
https://patch.com/feeds/aol/massachusetts/wakefield,POINT (-71.06570000000001 42.5034)
https://patch.com/feeds/aol/massachusetts/walpole,POINT (-71.2552 42.1468)
https://patch.com/feeds/aol/massachusetts/waltham,POINT (-71.24209999999999 42.389)
https://patch.com/feeds/aol/massachusetts/watertown,POINT (-71.17749999999999 42.3701)
https://patch.com/feeds/aol/massachusetts/wayland,POINT (-71.3593 42.3586)
https://patch.com/feeds/aol/massachusetts/wellesley,POINT (-71.28530000000001 42.3043)
https://patch.com/feeds/aol/massachusetts/westroxbury,POINT (-71.15989999999999 42.2806)
https://patch.com/feeds/aol/massachusetts/westborough,POINT (-71.6134 42.2675)
https://patch.com/feeds/aol/massachusetts/westford,POINT (-71.44 42.5864)
https://patch.com/feeds/aol/massachusetts/weston,POINT (-71.29989999999999 42.359)
https://patch.com/feeds/aol/massachusetts/westwood,POINT (-71.2102 42.2203)
https://patch.com/feeds/aol/massachusetts/weymouth,POINT (-70.9448 42.2051)
https://patch.com/feeds/aol/massachusetts/wilmington,POINT (-71.1653 42.5608)
https://patch.com/feeds/aol/massachusetts/winchester,POINT (-71.1465 42.4516)
https://patch.com/feeds/aol/massachusetts/woburn,POINT (-71.15430000000001 42.4868)
https://patch.com/feeds/aol/massachusetts/worcester,POINT (-71.8 42.2667)
https://patch.com/feeds/aol/massachusetts/wrentham,POINT (-71.34310000000001 42.0624)
https://patch.com/feeds/aol/michigan/across-mi,POINT (-83.0458 42.3314)
https://patch.com/feeds/aol/michigan/birmingham,POINT (-83.2163 42.5448)
https://patch.com/feeds/aol/michigan/bloomfield-mi,POINT (-83.26909999999999 42.576)
https://patch.com/feeds/aol/michigan/brighton,POINT (-83.7364 42.5602)
https://patch.com/feeds/aol/michigan/chelsea,POINT (-83.96080000000001 42.2973)
https://patch.com/feeds/aol/michigan/clawson,POINT (-83.1502 42.5365)
https://patch.com/feeds/aol/michigan/clintontwp,POINT (-82.919 42.5858)
https://patch.com/feeds/aol/michigan/dearborn,POINT (-83.21299999999999 42.3126)
https://patch.com/feeds/aol/michigan/detroit,POINT (-83.0458 42.3314)
https://patch.com/feeds/aol/michigan/dexter,POINT (-83.8794 42.3321)
https://patch.com/feeds/aol/michigan/farmington-mi,POINT (-83.377 42.484)
https://patch.com/feeds/aol/michigan/fenton,POINT (-83.71469999999999 42.7996)
https://patch.com/feeds/aol/michigan/ferndale,POINT (-83.1313 42.4592)
https://patch.com/feeds/aol/michigan/flint,POINT (-83.6875 43.0125)
https://patch.com/feeds/aol/michigan/grand-rapids,POINT (-85.6681 42.9634)
https://patch.com/feeds/aol/michigan/grossepointe,POINT (-82.9097 42.4099)
https://patch.com/feeds/aol/michigan/hartland,POINT (-83.7389 42.6497)
https://patch.com/feeds/aol/michigan/berkley,POINT (-83.1794 42.4924)
https://patch.com/feeds/aol/michigan/macomb,POINT (-82.9178 42.6727)
https://patch.com/feeds/aol/michigan/newbaltimore,POINT (-82.7993 42.6833)
https://patch.com/feeds/aol/michigan/northville,POINT (-83.4919 42.4172)
https://patch.com/feeds/aol/michigan/novi,POINT (-83.4892 42.4786)
https://patch.com/feeds/aol/michigan/oaklandtownship,POINT (-83.2144 42.7537)
https://patch.com/feeds/aol/michigan/plymouth-mi,POINT (-83.48779999999999 42.3294)
https://patch.com/feeds/aol/michigan/rochester,POINT (-83.1523 42.6667)
https://patch.com/feeds/aol/michigan/royaloak,POINT (-83.15389999999999 42.5082)
https://patch.com/feeds/aol/michigan/saline,POINT (-83.7426 42.1985)
https://patch.com/feeds/aol/michigan/shelby-utica,POINT (-83.0338 42.6617)
https://patch.com/feeds/aol/michigan/stclairshores,POINT (-82.8952 42.4912)
https://patch.com/feeds/aol/michigan/trenton-grosseile,POINT (-83.1651 42.134)
https://patch.com/feeds/aol/michigan/troy,POINT (-83.1455 42.5817)
https://patch.com/feeds/aol/michigan/westbloomfield,POINT (-83.37990000000001 42.573)
https://patch.com/feeds/aol/michigan/whitelake,POINT (-83.56229999999999 42.6549)
https://patch.com/feeds/aol/michigan/wyandotte,POINT (-83.1562 42.2113)
https://patch.com/feeds/aol/minnesota/across-mn,POINT (-93.265 44.9778)
https://patch.com/feeds/aol/minnesota/applevalley-rosemount,POINT (-93.1112 44.7464)
https://patch.com/feeds/aol/minnesota/burnsville,POINT (-93.2794 44.7649)
https://patch.com/feeds/aol/minnesota/eagan,POINT (-93.16379999999999 44.817)
https://patch.com/feeds/aol/minnesota/edenprairie,POINT (-93.4593 44.8489)
https://patch.com/feeds/aol/minnesota/edina,POINT (-93.36020000000001 44.8913)
https://patch.com/feeds/aol/minnesota/fridley,POINT (-93.2595 45.0842)
https://patch.com/feeds/aol/minnesota/goldenvalley,POINT (-93.35899999999999 44.9901)
https://patch.com/feeds/aol/minnesota/hopkins,POINT (-93.4058 44.926)
https://patch.com/feeds/aol/minnesota/invergroveheights,POINT (-93.05970000000001 44.8246)
https://patch.com/feeds/aol/minnesota/lakeminnetonka,POINT (-93.5885 44.9382)
https://patch.com/feeds/aol/minnesota/lakeville,POINT (-93.2522 44.6778)
https://patch.com/feeds/aol/minnesota/maplegrove,POINT (-93.4627 45.1088)
https://patch.com/feeds/aol/minnesota/mendotaheights,POINT (-93.1405 44.8839)
https://patch.com/feeds/aol/minnesota/minneapolis,POINT (-93.265 44.9778)
https://patch.com/feeds/aol/minnesota/minnetonka,POINT (-93.4589 44.9354)
https://patch.com/feeds/aol/minnesota/northfield,POINT (-93.16500000000001 44.4528)
https://patch.com/feeds/aol/minnesota/oakdale,POINT (-92.9639 44.9875)
https://patch.com/feeds/aol/minnesota/plymouth-mn,POINT (-93.4614 45.022)
https://patch.com/feeds/aol/minnesota/richfield,POINT (-93.2821 44.8764)
https://patch.com/feeds/aol/minnesota/roseville,POINT (-93.1545 45.0154)
https://patch.com/feeds/aol/minnesota/saintpaul,POINT (-93.09 44.9537)
https://patch.com/feeds/aol/minnesota/shakopee,POINT (-93.47410000000001 44.7775)
https://patch.com/feeds/aol/minnesota/southwestminneapolis,POINT (-93.3005 44.9152)
https://patch.com/feeds/aol/minnesota/stlouispark,POINT (-93.36499999999999 44.9488)
https://patch.com/feeds/aol/minnesota/stmichael,POINT (-93.6906 45.2056)
https://patch.com/feeds/aol/minnesota/stillwater,POINT (-92.8458 45.0974)
https://patch.com/feeds/aol/minnesota/woodbury,POINT (-92.9229 44.9055)
https://patch.com/feeds/aol/mississippi/across-ms,POINT (-90.1848 32.2988)
https://patch.com/feeds/aol/mississippi/jackson,POINT (-90.1848 32.2988)
https://patch.com/feeds/aol/mississippi/meridian,POINT (-88.7037 32.3643)
https://patch.com/feeds/aol/missouri/across-mo,POINT (-94.57859999999999 39.0997)
https://patch.com/feeds/aol/missouri/affton,POINT (-90.32899999999999 38.5496)
https://patch.com/feeds/aol/missouri/arnold,POINT (-90.372 38.4295)
https://patch.com/feeds/aol/missouri/ballwin-ellisville,POINT (-90.5628 38.5932)
https://patch.com/feeds/aol/missouri/chesterfield,POINT (-90.57989999999999 38.6582)
https://patch.com/feeds/aol/missouri/clayton-richmondheights,POINT (-90.33150000000001 38.6379)
https://patch.com/feeds/aol/missouri/crevecoeur,POINT (-90.4431 38.6621)
https://patch.com/feeds/aol/missouri/eureka-wildwood,POINT (-90.6671 38.5694)
https://patch.com/feeds/aol/missouri/fenton-highridge,POINT (-90.48350000000001 38.4986)
https://patch.com/feeds/aol/missouri/florissant,POINT (-90.32980000000001 38.7996)
https://patch.com/feeds/aol/missouri/hazelwood,POINT (-90.39 38.793)
https://patch.com/feeds/aol/missouri/kansas-city-mo,POINT (-94.57859999999999 39.0997)
https://patch.com/feeds/aol/missouri/kirkwood,POINT (-90.4226 38.5871)
https://patch.com/feeds/aol/missouri/ladue-frontenac,POINT (-90.3908 38.6358)
https://patch.com/feeds/aol/missouri/maplewood-brentwood,POINT (-90.33710000000001 38.6161)
https://patch.com/feeds/aol/missouri/mehlville-oakville,POINT (-90.3182 38.4645)
https://patch.com/feeds/aol/missouri/ofallon,POINT (-90.7174 38.7812)
https://patch.com/feeds/aol/missouri/olivette,POINT (-90.37860000000001 38.6724)
https://patch.com/feeds/aol/missouri/springfield-mo,POINT (-93.2923 37.209)
https://patch.com/feeds/aol/missouri/stcharles,POINT (-90.5205 38.7948)
https://patch.com/feeds/aol/missouri/stlouis,POINT (-90.1994 38.627)
https://patch.com/feeds/aol/missouri/stpeters,POINT (-90.60680000000001 38.7825)
https://patch.com/feeds/aol/missouri/sunsethills-crestwood,POINT (-90.4002 38.5381)
https://patch.com/feeds/aol/missouri/townandcountry-manchester,POINT (-90.4881 38.6136)
https://patch.com/feeds/aol/missouri/universitycity,POINT (-90.3308 38.665)
https://patch.com/feeds/aol/missouri/wentzville,POINT (-90.8458 38.8077)
https://patch.com/feeds/aol/montana/across-mt,POINT (-108.5007 45.7833)
https://patch.com/feeds/aol/montana/billings,POINT (-108.5007 45.7833)
https://patch.com/feeds/aol/montana/missoula,POINT (-113.9966 46.8787)
https://patch.com/feeds/aol/nebraska/across-ne,POINT (-95.998 41.2524)
https://patch.com/feeds/aol/nebraska/omaha,POINT (-95.998 41.2524)
https://patch.com/feeds/aol/nevada/across-nv,POINT (-115.1398 36.1699)
https://patch.com/feeds/aol/nevada/lasvegas,POINT (-115.1398 36.1699)
https://patch.com/feeds/aol/nevada/reno,POINT (-119.8138 39.5296)
https://patch.com/feeds/aol/new-hampshire/across-nh,POINT (-71.45480000000001 42.9956)
https://patch.com/feeds/aol/new-hampshire/amherst,POINT (-71.60720000000001 42.8706)
https://patch.com/feeds/aol/new-hampshire/bedford-nh,POINT (-71.5307 42.9408)
https://patch.com/feeds/aol/new-hampshire/concord-nh,POINT (-71.5591 43.2293)
https://patch.com/feeds/aol/new-hampshire/exeter,POINT (-70.9885 42.9745)
https://patch.com/feeds/aol/new-hampshire/hampton-northhampton,POINT (-70.83150000000001 42.9589)
https://patch.com/feeds/aol/new-hampshire/londonderry,POINT (-71.3874 42.8794)
https://patch.com/feeds/aol/new-hampshire/merrimack,POINT (-71.5198 42.8549)
https://patch.com/feeds/aol/new-hampshire/milford-nh,POINT (-71.6726 42.8176)
https://patch.com/feeds/aol/new-hampshire/nashua,POINT (-71.49679999999999 42.7505)
https://patch.com/feeds/aol/new-hampshire/portsmouth-nh,POINT (-70.7841 43.0607)
https://patch.com/feeds/aol/new-hampshire/salem-nh,POINT (-71.2205 42.7902)
https://patch.com/feeds/aol/new-hampshire/windham,POINT (-71.29940000000001 42.8076)
https://patch.com/feeds/aol/new-jersey/across-nj,POINT (-74.1724 40.7357)
https://patch.com/feeds/aol/new-jersey/asbury-park,POINT (-74.0121 40.2204)
https://patch.com/feeds/aol/new-jersey/barnegat-manahawkin,POINT (-74.26990000000001 39.7311)
https://patch.com/feeds/aol/new-jersey/baskingridge,POINT (-74.56189999999999 40.6795)
https://patch.com/feeds/aol/new-jersey/belleville,POINT (-74.1596 40.8071)
https://patch.com/feeds/aol/new-jersey/berkeley-nj,POINT (-74.1785 39.8951)
https://patch.com/feeds/aol/new-jersey/bernardsville-bedminster,POINT (-74.65049999999999 40.6918)
https://patch.com/feeds/aol/new-jersey/bloomfield,POINT (-74.187 40.8099)
https://patch.com/feeds/aol/new-jersey/brick,POINT (-74.10939999999999 40.0597)
https://patch.com/feeds/aol/new-jersey/bridgewater,POINT (-74.607 40.5934)
https://patch.com/feeds/aol/new-jersey/caldwells,POINT (-74.2816 40.8521)
https://patch.com/feeds/aol/new-jersey/chatham,POINT (-74.4204 40.7295)
https://patch.com/feeds/aol/new-jersey/cherryhill,POINT (-74.99460000000001 39.9033)
https://patch.com/feeds/aol/new-jersey/cinnaminson,POINT (-74.9928 40.0016)
https://patch.com/feeds/aol/new-jersey/clark,POINT (-74.31189999999999 40.629)
https://patch.com/feeds/aol/new-jersey/collingswood,POINT (-75.0749 39.9158)
https://patch.com/feeds/aol/new-jersey/cranford,POINT (-74.3027 40.6609)
https://patch.com/feeds/aol/new-jersey/eastbrunswick,POINT (-74.4177 40.4282)
https://patch.com/feeds/aol/new-jersey/easthanover-florhampark,POINT (-74.37909999999999 40.7984)
https://patch.com/feeds/aol/new-jersey/eastwindsor,POINT (-74.5266 40.2808)
https://patch.com/feeds/aol/new-jersey/edison-metuchen,POINT (-74.4121 40.5187)
https://patch.com/feeds/aol/new-jersey/englewood,POINT (-73.9627 40.8879)
https://patch.com/feeds/aol/new-jersey/fairlawn-saddlebrook,POINT (-74.1099 40.9246)
https://patch.com/feeds/aol/new-jersey/flemington,POINT (-74.8593 40.5123)
https://patch.com/feeds/aol/new-jersey/fortlee,POINT (-73.9712 40.8506)
https://patch.com/feeds/aol/new-jersey/freehold,POINT (-74.2976 40.225)
https://patch.com/feeds/aol/new-jersey/galloway,POINT (-74.4782 39.4897)
https://patch.com/feeds/aol/new-jersey/gloucestertownship,POINT (-75.0361 39.7924)
https://patch.com/feeds/aol/new-jersey/hackettstown,POINT (-74.83669999999999 40.8398)
https://patch.com/feeds/aol/new-jersey/haddon,POINT (-75.0414 39.8998)
https://patch.com/feeds/aol/new-jersey/hasbrouckheights,POINT (-74.0741 40.8619)
https://patch.com/feeds/aol/new-jersey/hillsborough,POINT (-74.6797 40.5014)
https://patch.com/feeds/aol/new-jersey/hoboken,POINT (-74.02800000000001 40.7451)
https://patch.com/feeds/aol/new-jersey/holmdel-hazlet,POINT (-74.1721 40.3888)
https://patch.com/feeds/aol/new-jersey/hopatcong-sparta,POINT (-74.6343 41.0261)
https://patch.com/feeds/aol/new-jersey/hopewell-pennington,POINT (-74.76179999999999 40.3334)
https://patch.com/feeds/aol/new-jersey/howell,POINT (-74.1985 40.18)
https://patch.com/feeds/aol/new-jersey/jefferson,POINT (-74.5248 41.0159)
https://patch.com/feeds/aol/new-jersey/jersey-city,POINT (-74.0776 40.7282)
https://patch.com/feeds/aol/new-jersey/lacey,POINT (-74.2651 39.8553)
https://patch.com/feeds/aol/new-jersey/lakewood-nj,POINT (-74.2097 40.0821)
https://patch.com/feeds/aol/new-jersey/lawrenceville,POINT (-74.7212 40.2948)
https://patch.com/feeds/aol/new-jersey/littlesilver,POINT (-74.02889999999999 40.3268)
https://patch.com/feeds/aol/new-jersey/livingston,POINT (-74.3293 40.7856)
https://patch.com/feeds/aol/new-jersey/longbranch,POINT (-74.0596 40.2799)
https://patch.com/feeds/aol/new-jersey/longvalley,POINT (-74.7912 40.7879)
https://patch.com/feeds/aol/new-jersey/madison,POINT (-74.4177 40.7583)
https://patch.com/feeds/aol/new-jersey/mahwah,POINT (-74.1862 41.0817)
https://patch.com/feeds/aol/new-jersey/manalapan,POINT (-74.34399999999999 40.28)
https://patch.com/feeds/aol/new-jersey/manasquan,POINT (-74.0359 40.1554)
https://patch.com/feeds/aol/new-jersey/manchester-nj,POINT (-74.37609999999999 39.9892)
https://patch.com/feeds/aol/new-jersey/manville,POINT (-74.5877 40.5409)
https://patch.com/feeds/aol/new-jersey/maplewood,POINT (-74.2713 40.7329)
https://patch.com/feeds/aol/new-jersey/marlboro-coltsneck,POINT (-74.2098 40.3149)
https://patch.com/feeds/aol/new-jersey/matawan-aberdeen,POINT (-74.24720000000001 40.4166)
https://patch.com/feeds/aol/new-jersey/mendham-chester,POINT (-74.6452 40.7796)
https://patch.com/feeds/aol/new-jersey/middlesex,POINT (-74.4927 40.572)
https://patch.com/feeds/aol/new-jersey/middletown-nj,POINT (-74.0716 40.3939)
https://patch.com/feeds/aol/new-jersey/millburn,POINT (-74.3237 40.7393)
https://patch.com/feeds/aol/new-jersey/montclair,POINT (-74.2111 40.8254)
https://patch.com/feeds/aol/new-jersey/montville,POINT (-74.3562 40.9103)
https://patch.com/feeds/aol/new-jersey/moorestown,POINT (-74.953 39.9703)
https://patch.com/feeds/aol/new-jersey/morris,POINT (-74.49420000000001 40.7853)
https://patch.com/feeds/aol/new-jersey/morristown,POINT (-74.4778 40.7966)
https://patch.com/feeds/aol/new-jersey/newbrunswick,POINT (-74.44589999999999 40.4863)
https://patch.com/feeds/aol/new-jersey/newmilford-nj,POINT (-74.0193 40.9337)
https://patch.com/feeds/aol/new-jersey/newprovidence,POINT (-74.36239999999999 40.6749)
https://patch.com/feeds/aol/new-jersey/newarknj,POINT (-74.199 40.7245)
https://patch.com/feeds/aol/new-jersey/oakland,POINT (-74.2409 41.0313)
https://patch.com/feeds/aol/new-jersey/oceancity,POINT (-74.6079 39.2542)
https://patch.com/feeds/aol/new-jersey/paramus,POINT (-74.071 40.9456)
https://patch.com/feeds/aol/new-jersey/parsippany,POINT (-74.42359999999999 40.86)
https://patch.com/feeds/aol/new-jersey/pointpleasant,POINT (-74.0615 40.0814)
https://patch.com/feeds/aol/new-jersey/princeton,POINT (-74.6588 40.3458)
https://patch.com/feeds/aol/new-jersey/ramsey-nj,POINT (-74.14570000000001 41.0594)
https://patch.com/feeds/aol/new-jersey/randolph,POINT (-74.57470000000001 40.8478)
https://patch.com/feeds/aol/new-jersey/redbank,POINT (-74.06529999999999 40.331)
https://patch.com/feeds/aol/new-jersey/ridgewood,POINT (-74.1165 40.975)
https://patch.com/feeds/aol/new-jersey/riverdell,POINT (-74.0329 40.947)
https://patch.com/feeds/aol/new-jersey/rumson,POINT (-74.00660000000001 40.3608)
https://patch.com/feeds/aol/new-jersey/scotchplains,POINT (-74.373 40.6298)
https://patch.com/feeds/aol/new-jersey/secaucus,POINT (-74.0565 40.7895)
https://patch.com/feeds/aol/new-jersey/southbrunswick,POINT (-74.5249 40.3837)
https://patch.com/feeds/aol/new-jersey/southorange,POINT (-74.26049999999999 40.749)
https://patch.com/feeds/aol/new-jersey/springfield,POINT (-74.3258 40.6993)
https://patch.com/feeds/aol/new-jersey/summit,POINT (-74.36490000000001 40.7154)
https://patch.com/feeds/aol/new-jersey/teaneck,POINT (-74.0107 40.8899)
https://patch.com/feeds/aol/new-jersey/tomsriver,POINT (-74.1794 39.9887)
https://patch.com/feeds/aol/new-jersey/triboro,POINT (-74.376 40.9875)
https://patch.com/feeds/aol/new-jersey/verona,POINT (-74.23439999999999 40.8473)
https://patch.com/feeds/aol/new-jersey/wall,POINT (-74.09820000000001 40.1689)
https://patch.com/feeds/aol/new-jersey/warren,POINT (-74.5151 40.6323)
https://patch.com/feeds/aol/new-jersey/watchung-greenbrook,POINT (-74.4576 40.6268)
https://patch.com/feeds/aol/new-jersey/wayne,POINT (-74.24509999999999 40.9481)
https://patch.com/feeds/aol/new-jersey/westdeptford,POINT (-75.1854 39.843)
https://patch.com/feeds/aol/new-jersey/westorange,POINT (-74.2629 40.7894)
https://patch.com/feeds/aol/new-jersey/west-windsor,POINT (-74.6186 40.2983)
https://patch.com/feeds/aol/new-jersey/westfield,POINT (-74.3449 40.655)
https://patch.com/feeds/aol/new-jersey/westwood-hillsdale,POINT (-74.04730000000001 40.995)
https://patch.com/feeds/aol/new-jersey/woodbridge,POINT (-74.2925 40.5659)
https://patch.com/feeds/aol/new-jersey/wyckoff,POINT (-74.1917 41.0046)
https://patch.com/feeds/aol/new-mexico/across-nm,POINT (-106.6056 35.0853)
https://patch.com/feeds/aol/new-mexico/albuquerque,POINT (-106.6056 35.0853)
https://patch.com/feeds/aol/new-york/across-ny,POINT (-74.0059 40.7128)
https://patch.com/feeds/aol/new-york/albany-ny,POINT (-73.75620000000001 42.6526)
https://patch.com/feeds/aol/new-york/astoria-long-island-city,POINT (-73.9235 40.7644)
https://patch.com/feeds/aol/new-york/babylonvillage,POINT (-73.327 40.6967)
https://patch.com/feeds/aol/new-york/bayshore,POINT (-73.25360000000001 40.7297)
https://patch.com/feeds/aol/new-york/bayside,POINT (-73.7533 40.7615)
https://patch.com/feeds/aol/new-york/bed-stuy,POINT (-73.9404 40.6877)
https://patch.com/feeds/aol/new-york/bedford,POINT (-73.6093 41.2335)
https://patch.com/feeds/aol/new-york/bellmore,POINT (-73.5331 40.6722)
https://patch.com/feeds/aol/new-york/brentwood-central-islip,POINT (-73.2462 40.7812)
https://patch.com/feeds/aol/new-york/bronxville,POINT (-73.8229 40.948)
https://patch.com/feeds/aol/new-york/brooklyn,POINT (-73.9903 40.6928)
https://patch.com/feeds/aol/new-york/heights-dumbo,POINT (-73.9894 40.7031)
https://patch.com/feeds/aol/new-york/brownsville,POINT (-73.9119 40.6672)
https://patch.com/feeds/aol/new-york/buffalo,POINT (-78.8784 42.8864)
https://patch.com/feeds/aol/new-york/bushwick,POINT (-73.9213 40.6944)
https://patch.com/feeds/aol/new-york/carrollgardens,POINT (-73.9937 40.6836)
https://patch.com/feeds/aol/new-york/center-moriches-eastport,POINT (-72.7898 40.8004)
https://patch.com/feeds/aol/new-york/central-park,POINT (-73.9654 40.7829)
https://patch.com/feeds/aol/new-york/chappaqua,POINT (-73.7409 41.1894)
https://patch.com/feeds/aol/new-york/chelsea-ny,POINT (-74.0014 40.7465)
https://patch.com/feeds/aol/new-york/commack,POINT (-73.2843 40.8432)
https://patch.com/feeds/aol/new-york/deerpark-northbabylon,POINT (-73.3229 40.7512)
https://patch.com/feeds/aol/new-york/ditmaspark,POINT (-73.96429999999999 40.6417)
https://patch.com/feeds/aol/new-york/easthampton,POINT (-72.1033 41.0379)
https://patch.com/feeds/aol/new-york/east-islip,POINT (-73.1857 40.732)
https://patch.com/feeds/aol/new-york/eastmeadow,POINT (-73.5605 40.7198)
https://patch.com/feeds/aol/new-york/east-village,POINT (-73.9815 40.7265)
https://patch.com/feeds/aol/new-york/farmingdale,POINT (-73.4344 40.7313)
https://patch.com/feeds/aol/new-york/fireisland,POINT (-73.126 40.653)
https://patch.com/feeds/aol/new-york/fivetowns,POINT (-73.71769999999999 40.6143)
https://patch.com/feeds/aol/new-york/flushing-murray-hill,POINT (-73.8331 40.7675)
https://patch.com/feeds/aol/new-york/foresthills,POINT (-73.8439 40.7227)
https://patch.com/feeds/aol/new-york/fortgreene,POINT (-73.9716 40.6906)
https://patch.com/feeds/aol/new-york/freeport,POINT (-73.5869 40.6539)
https://patch.com/feeds/aol/new-york/gardencity,POINT (-73.6374 40.7269)
https://patch.com/feeds/aol/new-york/glencove,POINT (-73.6297 40.8702)
https://patch.com/feeds/aol/new-york/gowanus,POINT (-73.9903 40.6733)
https://patch.com/feeds/aol/new-york/gramercy-murray-hill,POINT (-73.9845 40.7368)
https://patch.com/feeds/aol/new-york/greatneck,POINT (-73.7329 40.8018)
https://patch.com/feeds/aol/new-york/halfhollowhills,POINT (-73.367 40.7947)
https://patch.com/feeds/aol/new-york/harlem,POINT (-73.9465 40.8116)
https://patch.com/feeds/aol/new-york/harrison,POINT (-73.7192 41.0188)
https://patch.com/feeds/aol/new-york/hauppauge,POINT (-73.211 40.819)
https://patch.com/feeds/aol/new-york/hicksville,POINT (-73.52330000000001 40.7633)
https://patch.com/feeds/aol/new-york/huntington,POINT (-73.4216 40.8748)
https://patch.com/feeds/aol/new-york/islip,POINT (-73.19889999999999 40.7567)
https://patch.com/feeds/aol/new-york/jackson-heights-elmhurst,POINT (-73.8831 40.7557)
https://patch.com/feeds/aol/new-york/jamaica,POINT (-73.789 40.7027)
https://patch.com/feeds/aol/new-york/kew-gardens-briarwood,POINT (-73.8272 40.7057)
https://patch.com/feeds/aol/new-york/kingspark,POINT (-73.2483 40.8884)
https://patch.com/feeds/aol/new-york/larchmont,POINT (-73.74420000000001 40.9442)
https://patch.com/feeds/aol/new-york/levittown-ny,POINT (-73.51519999999999 40.7265)
https://patch.com/feeds/aol/new-york/lindenhurst,POINT (-73.37350000000001 40.6894)
https://patch.com/feeds/aol/new-york/longbeach,POINT (-73.64449999999999 40.5892)
https://patch.com/feeds/aol/new-york/longisland,POINT (-73.13500000000001 40.7891)
https://patch.com/feeds/aol/new-york/lower-east-side-chinatown,POINT (-73.9843 40.715)
https://patch.com/feeds/aol/new-york/malverne-lynbrook,POINT (-73.6617 40.6782)
https://patch.com/feeds/aol/new-york/massapequa,POINT (-73.45569999999999 40.679)
https://patch.com/feeds/aol/new-york/medford-ny,POINT (-72.98609999999999 40.8195)
https://patch.com/feeds/aol/new-york/merrick,POINT (-73.55549999999999 40.6604)
https://patch.com/feeds/aol/new-york/midhudsonvalley,POINT (-74.07429999999999 41.8444)
https://patch.com/feeds/aol/new-york/midtown-nyc,POINT (-73.98399999999999 40.7549)
https://patch.com/feeds/aol/new-york/millerplace-rockypoint,POINT (-72.9529 40.9403)
https://patch.com/feeds/aol/new-york/mineola,POINT (-73.6391 40.747)
https://patch.com/feeds/aol/new-york/montauk,POINT (-71.95 41.0383)
https://patch.com/feeds/aol/new-york/mountvernonny,POINT (-73.8306 40.9142)
https://patch.com/feeds/aol/new-york/nanuet,POINT (-74.0119 41.0995)
https://patch.com/feeds/aol/new-york/newcity,POINT (-73.9936 41.1566)
https://patch.com/feeds/aol/new-york/newhydepark,POINT (-73.6819 40.7467)
https://patch.com/feeds/aol/new-york/newrochelle,POINT (-73.7841 40.9279)
https://patch.com/feeds/aol/new-york/new-york-city,POINT (-73.9712 40.7831)
https://patch.com/feeds/aol/new-york/northfork,POINT (-72.441 41.04)
https://patch.com/feeds/aol/new-york/northport,POINT (-73.33410000000001 40.9169)
https://patch.com/feeds/aol/new-york/nyack,POINT (-73.9418 41.088)
https://patch.com/feeds/aol/new-york/ossining,POINT (-73.8532 41.2048)
https://patch.com/feeds/aol/new-york/oysterbay,POINT (-73.5355 40.8759)
https://patch.com/feeds/aol/new-york/parkslope,POINT (-73.9803 40.6707)
https://patch.com/feeds/aol/new-york/patchogue,POINT (-72.9941 40.7705)
https://patch.com/feeds/aol/new-york/pearlriver,POINT (-74.01300000000001 41.0613)
https://patch.com/feeds/aol/new-york/peekskill,POINT (-73.9064 41.2836)
https://patch.com/feeds/aol/new-york/pelham,POINT (-73.8068 40.9)
https://patch.com/feeds/aol/new-york/plainview,POINT (-73.474 40.7821)
https://patch.com/feeds/aol/new-york/pleasantville,POINT (-73.81570000000001 41.1374)
https://patch.com/feeds/aol/new-york/portchester,POINT (-73.6698 41.0062)
https://patch.com/feeds/aol/new-york/portjefferson,POINT (-73.0532 40.9312)
https://patch.com/feeds/aol/new-york/portwashington,POINT (-73.6944 40.842)
https://patch.com/feeds/aol/new-york/prospectheights,POINT (-73.9674 40.6769)
https://patch.com/feeds/aol/new-york/queens,POINT (-73.7949 40.7282)
https://patch.com/feeds/aol/new-york/riverhead,POINT (-72.6773 40.9446)
https://patch.com/feeds/aol/new-york/rivertowns,POINT (-73.8627 41.0156)
https://patch.com/feeds/aol/new-york/rochester-ny,POINT (-77.6109 43.161)
https://patch.com/feeds/aol/new-york/rockvillecentre,POINT (-73.6384 40.6656)
https://patch.com/feeds/aol/new-york/rye,POINT (-73.6893 40.984)
https://patch.com/feeds/aol/new-york/sachem,POINT (-73.0796 40.8128)
https://patch.com/feeds/aol/new-york/sayville,POINT (-73.0663 40.7466)
https://patch.com/feeds/aol/new-york/scarsdale,POINT (-73.7944 40.9906)
https://patch.com/feeds/aol/new-york/shirley-mastic,POINT (-72.8676 40.8015)
https://patch.com/feeds/aol/new-york/smithtown,POINT (-73.18729999999999 40.8691)
https://patch.com/feeds/aol/new-york/soho-little-italy,POINT (-74.003 40.7233)
https://patch.com/feeds/aol/new-york/southampton,POINT (-72.3618 40.9358)
https://patch.com/feeds/aol/new-york/southeast,POINT (-73.5932 41.4127)
https://patch.com/feeds/aol/new-york/sunset-park,POINT (-74.0124 40.6455)
https://patch.com/feeds/aol/new-york/syosset,POINT (-73.503 40.8298)
https://patch.com/feeds/aol/new-york/syracuse,POINT (-76.1474 43.0481)
https://patch.com/feeds/aol/new-york/tarrytown,POINT (-73.8599 41.0835)
https://patch.com/feeds/aol/new-york/threevillage,POINT (-73.11020000000001 40.9238)
https://patch.com/feeds/aol/new-york/downtown-nyc,POINT (-74.0086 40.7163)
https://patch.com/feeds/aol/new-york/upper-east-side-nyc,POINT (-73.95659999999999 40.7736)
https://patch.com/feeds/aol/new-york/upper-west-side-nyc,POINT (-73.97539999999999 40.787)
https://patch.com/feeds/aol/new-york/wantagh,POINT (-73.5027 40.6769)
https://patch.com/feeds/aol/new-york/washington-heights-inwood,POINT (-73.93940000000001 40.8417)
https://patch.com/feeds/aol/new-york/westislip,POINT (-73.2983 40.708)
https://patch.com/feeds/aol/new-york/west-village,POINT (-74.0027 40.7336)
https://patch.com/feeds/aol/new-york/westhampton-hamptonbays,POINT (-72.598 40.8507)
https://patch.com/feeds/aol/new-york/whiteplains,POINT (-73.75709999999999 41.0429)
https://patch.com/feeds/aol/new-york/williamsburg,POINT (-73.9495 40.7196)
https://patch.com/feeds/aol/new-york/windsorterrace,POINT (-73.97629999999999 40.6442)
https://patch.com/feeds/aol/new-york/yorktown-somers,POINT (-73.7636 41.2977)
https://patch.com/feeds/aol/north-carolina/across-nc,POINT (-80.84310000000001 35.2271)
https://patch.com/feeds/aol/north-carolina/charlotte,POINT (-80.84310000000001 35.2271)
https://patch.com/feeds/aol/north-carolina/cornelius,POINT (-80.8601 35.4868)
https://patch.com/feeds/aol/north-carolina/davidson,POINT (-80.84869999999999 35.4993)
https://patch.com/feeds/aol/north-carolina/fortbragg,POINT (-78.8759 35.0354)
https://patch.com/feeds/aol/north-carolina/greensboro,POINT (-79.792 36.0726)
https://patch.com/feeds/aol/north-carolina/greenville-nc,POINT (-77.3664 35.6127)
https://patch.com/feeds/aol/north-carolina/huntersville,POINT (-80.8429 35.4107)
https://patch.com/feeds/aol/north-carolina/mooresville,POINT (-80.81010000000001 35.5849)
https://patch.com/feeds/aol/north-carolina/myerspark-southend-dilworth,POINT (-80.8267 35.1794)
https://patch.com/feeds/aol/north-carolina/noda-midwoodbelmont,POINT (-80.8051 35.224)
https://patch.com/feeds/aol/north-carolina/raleigh,POINT (-78.6382 35.7796)
https://patch.com/feeds/aol/north-dakota/across-nd,POINT (-96.7898 46.8772)
https://patch.com/feeds/aol/north-dakota/fargo,POINT (-96.7898 46.8772)
https://patch.com/feeds/aol/ohio/across-oh,POINT (-82.9988 39.9612)
https://patch.com/feeds/aol/ohio/akron,POINT (-81.51900000000001 41.0814)
https://patch.com/feeds/aol/ohio/avon-oh,POINT (-82.0177 41.4646)
https://patch.com/feeds/aol/ohio/beachwood,POINT (-81.5018 41.4756)
https://patch.com/feeds/aol/ohio/brecksville,POINT (-81.6193 41.3078)
https://patch.com/feeds/aol/ohio/canton-oh,POINT (-81.3784 40.7989)
https://patch.com/feeds/aol/ohio/cincinnati,POINT (-84.512 39.1031)
https://patch.com/feeds/aol/ohio/cleveland,POINT (-81.66970000000001 41.4822)
https://patch.com/feeds/aol/ohio/clevelandheights,POINT (-81.5637 41.5113)
https://patch.com/feeds/aol/ohio/columbus,POINT (-82.9988 39.9612)
https://patch.com/feeds/aol/ohio/cuyahogafalls,POINT (-81.5204 41.164)
https://patch.com/feeds/aol/ohio/dayton,POINT (-84.19159999999999 39.7589)
https://patch.com/feeds/aol/ohio/fairlawn-bath,POINT (-81.6341 41.1629)
https://patch.com/feeds/aol/ohio/kent,POINT (-81.3451 41.1367)
https://patch.com/feeds/aol/ohio/lakewood-oh,POINT (-81.8004 41.4823)
https://patch.com/feeds/aol/ohio/mayfield-hillcrest,POINT (-81.4363 41.5368)
https://patch.com/feeds/aol/ohio/mentor,POINT (-81.33629999999999 41.6893)
https://patch.com/feeds/aol/ohio/middleburgheights,POINT (-81.80889999999999 41.3667)
https://patch.com/feeds/aol/ohio/northcanton,POINT (-81.42449999999999 40.8926)
https://patch.com/feeds/aol/ohio/miamiuniversity-oxford,POINT (-84.73090000000001 39.5105)
https://patch.com/feeds/aol/ohio/shakerheights,POINT (-81.55110000000001 41.4747)
https://patch.com/feeds/aol/ohio/solon,POINT (-81.44 41.3866)
https://patch.com/feeds/aol/ohio/stow,POINT (-81.43470000000001 41.1767)
https://patch.com/feeds/aol/ohio/strongsville,POINT (-81.8313 41.3128)
https://patch.com/feeds/aol/ohio/toledo,POINT (-83.5552 41.6639)
https://patch.com/feeds/aol/ohio/twinsburg,POINT (-81.4457 41.3221)
https://patch.com/feeds/aol/ohio/westlake,POINT (-81.9295 41.4524)
https://patch.com/feeds/aol/ohio/youngstown,POINT (-80.6495 41.0998)
https://patch.com/feeds/aol/oklahoma/across-ok,POINT (-97.5164 35.4676)
https://patch.com/feeds/aol/oklahoma/oklahoma-city,POINT (-97.5164 35.4676)
https://patch.com/feeds/aol/oklahoma/tulsa,POINT (-95.9928 36.154)
https://patch.com/feeds/aol/oregon/across-or,POINT (-123.0351 44.9429)
https://patch.com/feeds/aol/oregon/beaverton,POINT (-122.8036 45.4869)
https://patch.com/feeds/aol/oregon/gresham,POINT (-122.4394 45.5036)
https://patch.com/feeds/aol/oregon/hillsboro,POINT (-122.9897 45.5228)
https://patch.com/feeds/aol/oregon/lakeoswego,POINT (-122.6676 45.4196)
https://patch.com/feeds/aol/oregon/oregoncity,POINT (-122.6072 45.3572)
https://patch.com/feeds/aol/oregon/portland,POINT (-122.6819 45.52)
https://patch.com/feeds/aol/oregon/wilsonville,POINT (-122.7664 45.3068)
https://patch.com/feeds/aol/pennsylvania/abington,POINT (-75.1142 40.1093)
https://patch.com/feeds/aol/pennsylvania/across-pa,POINT (-75.1652 39.9526)
https://patch.com/feeds/aol/pennsylvania/ardmore,POINT (-75.2714 40.0007)
https://patch.com/feeds/aol/pennsylvania/baldwin-whitehall,POINT (-79.9776 40.3671)
https://patch.com/feeds/aol/pennsylvania/bensalem,POINT (-74.9432 40.1084)
https://patch.com/feeds/aol/pennsylvania/bethlehem,POINT (-75.3751 40.6367)
https://patch.com/feeds/aol/pennsylvania/brynmawr,POINT (-75.2978 40.0427)
https://patch.com/feeds/aol/pennsylvania/canon-mcmillan,POINT (-80.1717 40.27)
https://patch.com/feeds/aol/pennsylvania/chartiersvalley,POINT (-80.1207 40.3951)
https://patch.com/feeds/aol/pennsylvania/chestnuthill,POINT (-75.19970000000001 40.0609)
https://patch.com/feeds/aol/pennsylvania/cranberry,POINT (-80.0851 40.7801)
https://patch.com/feeds/aol/pennsylvania/dormont-brookline,POINT (-80.0192 40.3958)
https://patch.com/feeds/aol/pennsylvania/doylestown,POINT (-75.08839999999999 40.3113)
https://patch.com/feeds/aol/pennsylvania/easton,POINT (-75.2445 40.6766)
https://patch.com/feeds/aol/pennsylvania/emmaus,POINT (-75.51909999999999 40.4967)
https://patch.com/feeds/aol/pennsylvania/foresthills-regentsquare,POINT (-79.8728 40.425)
https://patch.com/feeds/aol/pennsylvania/harrisburg,POINT (-76.8867 40.2732)
https://patch.com/feeds/aol/pennsylvania/horsham,POINT (-75.16160000000001 40.1976)
https://patch.com/feeds/aol/pennsylvania/haverford,POINT (-75.31610000000001 39.9864)
https://patch.com/feeds/aol/pennsylvania/hellertown,POINT (-75.328 40.5794)
https://patch.com/feeds/aol/pennsylvania/levittown,POINT (-74.8621 40.1435)
https://patch.com/feeds/aol/pennsylvania/limerick,POINT (-75.53489999999999 40.2285)
https://patch.com/feeds/aol/pennsylvania/ambler,POINT (-75.259 40.1701)
https://patch.com/feeds/aol/pennsylvania/lowermacungie,POINT (-75.5731 40.5284)
https://patch.com/feeds/aol/pennsylvania/lowermoreland,POINT (-75.0566 40.1357)
https://patch.com/feeds/aol/pennsylvania/lowerprovidence,POINT (-75.4114 40.1452)
https://patch.com/feeds/aol/pennsylvania/lowersouthampton,POINT (-74.98050000000001 40.1541)
https://patch.com/feeds/aol/pennsylvania/malvern,POINT (-75.5153 40.0159)
https://patch.com/feeds/aol/pennsylvania/marplenewtown,POINT (-75.38760000000001 39.9786)
https://patch.com/feeds/aol/pennsylvania/media,POINT (-75.4324 39.9285)
https://patch.com/feeds/aol/pennsylvania/lansdale,POINT (-75.24460000000001 40.2423)
https://patch.com/feeds/aol/pennsylvania/balacynwyd,POINT (-75.24590000000001 40.0192)
https://patch.com/feeds/aol/pennsylvania/nazareth,POINT (-75.3261 40.7183)
https://patch.com/feeds/aol/pennsylvania/newhope-lambertville,POINT (-74.9513 40.3643)
https://patch.com/feeds/aol/pennsylvania/newtown-pa,POINT (-74.9389 40.2426)
https://patch.com/feeds/aol/pennsylvania/norristown,POINT (-75.3398 40.1223)
https://patch.com/feeds/aol/pennsylvania/northallegheny,POINT (-80.07689999999999 40.6071)
https://patch.com/feeds/aol/pennsylvania/northhills,POINT (-80.02460000000001 40.5247)
https://patch.com/feeds/aol/pennsylvania/northwhitehall,POINT (-75.57729999999999 40.6812)
https://patch.com/feeds/aol/pennsylvania/northampton,POINT (-75.00149999999999 40.2101)
https://patch.com/feeds/aol/pennsylvania/palmer,POINT (-75.23999999999999 40.7299)
https://patch.com/feeds/aol/pennsylvania/perkiomenvalley,POINT (-75.4487 40.2333)
https://patch.com/feeds/aol/pennsylvania/peters,POINT (-80.0802 40.274)
https://patch.com/feeds/aol/pennsylvania/philadelphia,POINT (-75.1652 39.9526)
https://patch.com/feeds/aol/pennsylvania/phoenixville,POINT (-75.51739999999999 40.1212)
https://patch.com/feeds/aol/pennsylvania/pine-richland,POINT (-79.9969 40.6439)
https://patch.com/feeds/aol/pennsylvania/pittsburgh,POINT (-79.99590000000001 40.4406)
https://patch.com/feeds/aol/pennsylvania/plum-oakmont,POINT (-79.7548 40.5033)
https://patch.com/feeds/aol/pennsylvania/plymouthwhitemarsh,POINT (-75.2714 40.1076)
https://patch.com/feeds/aol/pennsylvania/pottstown,POINT (-75.6579 40.2181)
https://patch.com/feeds/aol/pennsylvania/radnor,POINT (-75.3677 40.0294)
https://patch.com/feeds/aol/pennsylvania/moon,POINT (-80.1692 40.4896)
https://patch.com/feeds/aol/pennsylvania/roxborough,POINT (-75.2307 40.0474)
https://patch.com/feeds/aol/pennsylvania/salisbury,POINT (-75.4546 40.5767)
https://patch.com/feeds/aol/pennsylvania/sewickley,POINT (-80.1476 40.5734)
https://patch.com/feeds/aol/pennsylvania/southwhitehall,POINT (-75.54770000000001 40.6136)
https://patch.com/feeds/aol/pennsylvania/springfield-pa,POINT (-75.3361 39.9285)
https://patch.com/feeds/aol/pennsylvania/te,POINT (-75.4502 40.0553)
https://patch.com/feeds/aol/pennsylvania/upperdublin,POINT (-75.18129999999999 40.1503)
https://patch.com/feeds/aol/pennsylvania/uppermacungie,POINT (-75.624 40.57)
https://patch.com/feeds/aol/pennsylvania/uppermoreland,POINT (-75.1032 40.1558)
https://patch.com/feeds/aol/pennsylvania/uppersaucon,POINT (-75.408 40.5353)
https://patch.com/feeds/aol/pennsylvania/uppersouthampton,POINT (-75.03 40.1674)
https://patch.com/feeds/aol/pennsylvania/upperstclair,POINT (-80.08240000000001 40.3339)
https://patch.com/feeds/aol/pennsylvania/warminster,POINT (-75.0909 40.2044)
https://patch.com/feeds/aol/pennsylvania/westchester,POINT (-75.6275 39.9661)
https://patch.com/feeds/aol/pennsylvania/wilkes-barre,POINT (-75.8813 41.2459)
https://patch.com/feeds/aol/pennsylvania/yardley,POINT (-74.846 40.2457)
https://patch.com/feeds/aol/rhode-island/across-ri,POINT (-71.4128 41.824)
https://patch.com/feeds/aol/rhode-island/barrington,POINT (-71.3182 41.7426)
https://patch.com/feeds/aol/rhode-island/bristol-warren,POINT (-71.2681 41.6967)
https://patch.com/feeds/aol/rhode-island/coventry,POINT (-71.6609 41.6933)
https://patch.com/feeds/aol/rhode-island/cranston,POINT (-71.4824 41.7659)
https://patch.com/feeds/aol/rhode-island/eastgreenwich,POINT (-71.50620000000001 41.6359)
https://patch.com/feeds/aol/rhode-island/eastprovidence,POINT (-71.3579 41.8007)
https://patch.com/feeds/aol/rhode-island/johnston,POINT (-71.52 41.8273)
https://patch.com/feeds/aol/rhode-island/middletown,POINT (-71.2764 41.5176)
https://patch.com/feeds/aol/rhode-island/narragansett,POINT (-71.5257 41.44)
https://patch.com/feeds/aol/rhode-island/newport,POINT (-71.3237 41.4812)
https://patch.com/feeds/aol/rhode-island/northkingstown,POINT (-71.46299999999999 41.5688)
https://patch.com/feeds/aol/rhode-island/portsmouth,POINT (-71.28740000000001 41.6042)
https://patch.com/feeds/aol/rhode-island/providence,POINT (-71.4128 41.824)
https://patch.com/feeds/aol/rhode-island/smithfield,POINT (-71.53100000000001 41.9014)
https://patch.com/feeds/aol/rhode-island/tiverton,POINT (-71.17440000000001 41.5616)
https://patch.com/feeds/aol/rhode-island/woonsocket,POINT (-71.49930000000001 42.0009)
https://patch.com/feeds/aol/south-carolina/across-sc,POINT (-81.0348 34.0007)
https://patch.com/feeds/aol/south-carolina/charleston,POINT (-80.0479 32.8259)
https://patch.com/feeds/aol/south-carolina/columbia-sc,POINT (-81.018 34.003)
https://patch.com/feeds/aol/south-carolina/easley,POINT (-82.5722 34.8451)
https://patch.com/feeds/aol/south-carolina/goosecreek,POINT (-79.99809999999999 32.9842)
https://patch.com/feeds/aol/south-carolina/greenville-sc,POINT (-82.39400000000001 34.8526)
https://patch.com/feeds/aol/south-carolina/taylors,POINT (-82.2988 34.9584)
https://patch.com/feeds/aol/south-carolina/irmo,POINT (-81.1588 34.0717)
https://patch.com/feeds/aol/south-carolina/lexington-sc,POINT (-81.252 33.9427)
https://patch.com/feeds/aol/south-carolina/mauldin,POINT (-82.3032 34.7896)
https://patch.com/feeds/aol/south-carolina/mountpleasant-sc,POINT (-79.8253 32.8522)
https://patch.com/feeds/aol/south-carolina/myrtle-beach,POINT (-78.8867 33.6891)
https://patch.com/feeds/aol/south-carolina/simpsonville,POINT (-82.2522 34.7317)
https://patch.com/feeds/aol/south-carolina/summerville,POINT (-80.1866 33.04)
https://patch.com/feeds/aol/south-dakota/across-sd,POINT (-96.7311 43.5446)
https://patch.com/feeds/aol/south-dakota/sioux-falls,POINT (-96.7311 43.5446)
https://patch.com/feeds/aol/tennessee/across-tn,POINT (-90.04900000000001 35.1495)
https://patch.com/feeds/aol/tennessee/antioch-south-nashville,POINT (-86.6716 36.0597)
https://patch.com/feeds/aol/tennessee/brentwood-tn,POINT (-86.78279999999999 36.0331)
https://patch.com/feeds/aol/tennessee/chattanooga,POINT (-85.30970000000001 35.0456)
https://patch.com/feeds/aol/tennessee/east-nashville,POINT (-86.7316 36.1861)
https://patch.com/feeds/aol/tennessee/franklin,POINT (-86.8689 35.9251)
https://patch.com/feeds/aol/tennessee/green-hills,POINT (-86.81699999999999 36.107)
https://patch.com/feeds/aol/tennessee/johnson-city,POINT (-82.3535 36.3134)
https://patch.com/feeds/aol/tennessee/knoxville,POINT (-83.9207 35.9606)
https://patch.com/feeds/aol/tennessee/lavergne-smyrna,POINT (-86.5819 36.0156)
https://patch.com/feeds/aol/tennessee/memphis,POINT (-90.04900000000001 35.1495)
https://patch.com/feeds/aol/tennessee/nashville,POINT (-86.7816 36.1627)
https://patch.com/feeds/aol/texas/across-tx,POINT (-95.3698 29.7604)
https://patch.com/feeds/aol/texas/arlington-tx,POINT (-97.10809999999999 32.7357)
https://patch.com/feeds/aol/texas/bellaire,POINT (-95.4588 29.7058)
https://patch.com/feeds/aol/texas/cedar-park,POINT (-97.8203 30.5057)
https://patch.com/feeds/aol/texas/clearlake,POINT (-95.0625 29.5566)
https://patch.com/feeds/aol/texas/conroe-montgomerycounty,POINT (-95.45610000000001 30.3119)
https://patch.com/feeds/aol/texas/coppell,POINT (-97.015 32.9546)
https://patch.com/feeds/aol/texas/dallas-ftworth,POINT (-96.797 32.7767)
https://patch.com/feeds/aol/texas/downtownaustin,POINT (-97.742 30.2699)
https://patch.com/feeds/aol/texas/eastaustin,POINT (-97.7159 30.2741)
https://patch.com/feeds/aol/texas/el-paso,POINT (-106.485 31.7619)
https://patch.com/feeds/aol/texas/galleria-riveroaks,POINT (-95.4331 29.7475)
https://patch.com/feeds/aol/texas/harlingen,POINT (-97.6961 26.1906)
https://patch.com/feeds/aol/texas/houston,POINT (-95.3698 29.7604)
https://patch.com/feeds/aol/texas/houstonheights,POINT (-95.39790000000001 29.798)
https://patch.com/feeds/aol/texas/humble-kingwood,POINT (-95.26220000000001 29.9988)
https://patch.com/feeds/aol/texas/irving-tx,POINT (-96.94889999999999 32.814)
https://patch.com/feeds/aol/texas/mckinney-frisco,POINT (-96.61450000000001 33.2146)
https://patch.com/feeds/aol/texas/meyerland,POINT (-95.46469999999999 29.6866)
https://patch.com/feeds/aol/texas/midtownhouston,POINT (-95.375 29.7407)
https://patch.com/feeds/aol/texas/north-austin,POINT (-97.61969999999999 30.4392)
https://patch.com/feeds/aol/texas/pasadena-tx,POINT (-95.20910000000001 29.6911)
https://patch.com/feeds/aol/texas/plano,POINT (-96.69889999999999 33.0198)
https://patch.com/feeds/aol/texas/round-rock,POINT (-97.6789 30.5086)
https://patch.com/feeds/aol/texas/sanantonio,POINT (-98.4936 29.4241)
https://patch.com/feeds/aol/texas/southaustin,POINT (-97.7915 30.2001)
https://patch.com/feeds/aol/texas/spring,POINT (-95.41719999999999 30.0799)
https://patch.com/feeds/aol/texas/sugarland,POINT (-95.6349 29.6197)
https://patch.com/feeds/aol/texas/woodlands,POINT (-95.46129999999999 30.1658)
https://patch.com/feeds/aol/texas/waco,POINT (-97.1467 31.5493)
https://patch.com/feeds/aol/utah/across-ut,POINT (-111.891 40.7608)
https://patch.com/feeds/aol/utah/salt-lake-city,POINT (-111.891 40.7608)
https://patch.com/feeds/aol/vermont/across-vt,POINT (-73.21210000000001 44.4759)
https://patch.com/feeds/aol/vermont/burlington-vt,POINT (-73.21210000000001 44.4759)
https://patch.com/feeds/aol/virginia/across-va,POINT (-75.97799999999999 36.8529)
https://patch.com/feeds/aol/virginia/annandale,POINT (-77.21259999999999 38.8343)
https://patch.com/feeds/aol/virginia/arlington-va,POINT (-77.10169999999999 38.8788)
https://patch.com/feeds/aol/virginia/ashburn,POINT (-77.5124 39.0255)
https://patch.com/feeds/aol/virginia/burke,POINT (-77.26860000000001 38.7793)
https://patch.com/feeds/aol/virginia/centreville,POINT (-77.44240000000001 38.8459)
https://patch.com/feeds/aol/virginia/chantilly,POINT (-77.4255 38.8809)
https://patch.com/feeds/aol/virginia/clarendon,POINT (-77.08199999999999 38.8927)
https://patch.com/feeds/aol/virginia/dalecity,POINT (-77.3446 38.6478)
https://patch.com/feeds/aol/virginia/delray,POINT (-77.0599 38.8283)
https://patch.com/feeds/aol/virginia/fairfaxcity,POINT (-77.3099 38.8429)
https://patch.com/feeds/aol/virginia/fairfaxstation,POINT (-77.3523 38.7793)
https://patch.com/feeds/aol/virginia/fallschurch,POINT (-77.1743 38.8842)
https://patch.com/feeds/aol/virginia/fredericksburg,POINT (-77.53449999999999 38.32)
https://patch.com/feeds/aol/virginia/greateralexandria,POINT (-77.0639 38.7389)
https://patch.com/feeds/aol/virginia/herndon,POINT (-77.39660000000001 38.9636)
https://patch.com/feeds/aol/virginia/kingstowne,POINT (-77.136 38.7739)
https://patch.com/feeds/aol/virginia/lakeridge,POINT (-77.30840000000001 38.6861)
https://patch.com/feeds/aol/virginia/leesburg,POINT (-77.5553 39.1044)
https://patch.com/feeds/aol/virginia/lorton,POINT (-77.23699999999999 38.7026)
https://patch.com/feeds/aol/virginia/manassas,POINT (-77.4838 38.7481)
https://patch.com/feeds/aol/virginia/manassaspark,POINT (-77.44450000000001 38.7715)
https://patch.com/feeds/aol/virginia/mclean,POINT (-77.1758 38.9381)
https://patch.com/feeds/aol/virginia/mountvernon,POINT (-77.107 38.7191)
https://patch.com/feeds/aol/virginia/newport-news,POINT (-76.473 37.0871)
https://patch.com/feeds/aol/virginia/norfolk,POINT (-76.2859 36.8508)
https://patch.com/feeds/aol/virginia/oakton,POINT (-77.30159999999999 38.8888)
https://patch.com/feeds/aol/virginia/oldtownalexandria,POINT (-77.0475 38.8041)
https://patch.com/feeds/aol/virginia/portsmouth-va,POINT (-76.2983 36.8354)
https://patch.com/feeds/aol/virginia/reston,POINT (-77.3439 38.9509)
https://patch.com/feeds/aol/virginia/richmond,POINT (-77.43600000000001 37.5407)
https://patch.com/feeds/aol/virginia/roanoke,POINT (-79.9414 37.271)
https://patch.com/feeds/aol/virginia/tysonscorner,POINT (-77.2316 38.9201)
https://patch.com/feeds/aol/virginia/vienna,POINT (-77.26730000000001 38.9119)
https://patch.com/feeds/aol/virginia/westendalexandria,POINT (-77.1155 38.8192)
https://patch.com/feeds/aol/virginia/woodbridge-va,POINT (-77.2715 38.6429)
https://patch.com/feeds/aol/washington/across-wa,POINT (-122.3321 47.6062)
https://patch.com/feeds/aol/washington/bellevue,POINT (-122.1567 47.5971)
https://patch.com/feeds/aol/washington/bonneylake-sumner,POINT (-122.2073 47.2015)
https://patch.com/feeds/aol/washington/edmonds,POINT (-122.3531 47.8102)
https://patch.com/feeds/aol/washington/enumclaw,POINT (-121.9945 47.2019)
https://patch.com/feeds/aol/washington/gigharbor,POINT (-122.6401 47.3249)
https://patch.com/feeds/aol/washington/kirkland,POINT (-122.2014 47.6981)
https://patch.com/feeds/aol/washington/lakewood-jblm,POINT (-122.5299 47.1626)
https://patch.com/feeds/aol/washington/mercerisland,POINT (-122.2325 47.5678)
https://patch.com/feeds/aol/washington/puyallup,POINT (-122.291 47.18)
https://patch.com/feeds/aol/washington/redmond,POINT (-122.0846 47.6818)
https://patch.com/feeds/aol/washington/renton,POINT (-122.1972 47.4817)
https://patch.com/feeds/aol/washington/sammamish,POINT (-122.0387 47.5788)
https://patch.com/feeds/aol/washington/seattle,POINT (-122.3321 47.6062)
https://patch.com/feeds/aol/washington/shoreline,POINT (-122.3293 47.757)
https://patch.com/feeds/aol/washington/spokane,POINT (-117.426 47.6588)
https://patch.com/feeds/aol/washington/universityplace,POINT (-122.5458 47.2147)
https://patch.com/feeds/aol/washington/woodinville,POINT (-122.0977 47.752)
https://patch.com/feeds/aol/west-virginia/across-wv,POINT (-81.6326 38.3498)
https://patch.com/feeds/aol/west-virginia/charleston-wv,POINT (-81.6326 38.3498)
https://patch.com/feeds/aol/wisconsin/across-wi,POINT (-87.90649999999999 43.0389)
https://patch.com/feeds/aol/wisconsin/appleton,POINT (-88.41540000000001 44.2619)
https://patch.com/feeds/aol/wisconsin/brookfield-wi,POINT (-88.1225 43.0635)
https://patch.com/feeds/aol/wisconsin/caledonia,POINT (-87.8728 42.798)
https://patch.com/feeds/aol/wisconsin/foxpoint,POINT (-87.9016 43.1691)
https://patch.com/feeds/aol/wisconsin/green-bay,POINT (-88.0198 44.5192)
https://patch.com/feeds/aol/wisconsin/greendale,POINT (-88.0021 42.9371)
https://patch.com/feeds/aol/wisconsin/greenfield,POINT (-88.0052 42.9619)
https://patch.com/feeds/aol/wisconsin/hudson-wi,POINT (-92.693 44.9822)
https://patch.com/feeds/aol/wisconsin/madison-wi,POINT (-89.4012 43.073)
https://patch.com/feeds/aol/wisconsin/menomoneefalls,POINT (-88.1228 43.1486)
https://patch.com/feeds/aol/wisconsin/milwaukee,POINT (-87.90649999999999 43.0389)
https://patch.com/feeds/aol/wisconsin/mountpleasant,POINT (-87.8895 42.7115)
https://patch.com/feeds/aol/wisconsin/muskego,POINT (-88.1289 42.8859)
https://patch.com/feeds/aol/wisconsin/oakcreek,POINT (-87.9008 42.8802)
https://patch.com/feeds/aol/wisconsin/portwashington-wi,POINT (-87.90940000000001 43.3869)
https://patch.com/feeds/aol/wisconsin/shorewood,POINT (-87.88639999999999 43.0913)
https://patch.com/feeds/aol/wisconsin/sussex,POINT (-88.21769999999999 43.1337)
https://patch.com/feeds/aol/wisconsin/waukesha,POINT (-88.26009999999999 43.0134)
https://patch.com/feeds/aol/wisconsin/wauwatosa,POINT (-88.0348 43.0617)
https://patch.com/feeds/aol/wisconsin/whitefishbay,POINT (-87.9003 43.1134)
https://patch.com/feeds/aol/wyoming/across-wy,POINT (-104.8202 41.14)
https://patch.com/feeds/aol/wyoming/casper,POINT (-106.3131 42.8666)
https://patch.com/feeds/aol/wyoming/cheyenne,POINT (-104.8202 41.14)